file_id,path,bytes,sha256,dataverse_md5,restricted
11665675,original/code/appendix.R,189575,ee68da5fa8ae49b1725458fd50e435a46ca00212ef7bc43fc65781dca3e4b24a,f9186d801095a42f112addfba63de954,False
11665648,original/code/pwtest-package/.git/hooks/applypatch-msg.sample,478,0223497a0b8b033aa58a3a521b8629869386cf7ab0e2f101963d328aa62193f7,ce562e08d8098926a3862fc6e7905199,False
11665613,original/documentation/irb-approvals/bu-approval.pdf,23517,4a0777977228d8a27bae2dd0dbeaa2ed99bbfe72b42efc24ac77fed09f48e35d,bd0c8fb6b258ea1300fc80df7347b91c,False
11665607,original/documentation/instruments/citizen-survey.docx,32042,57bc1fd25f58fb2660151cdbebd9d13ba08b02f4bb96447f47abc75da1f0f6dd,3b581a853273052834c6db308babdd38,False
11665645,original/data/analysis/citizen_survey.csv,390546,84eb97e7bffb9b2d8804448745316a1608bb8e7a00a60bce64b8e20ab3d97447,8ffca13c55439815b9405d6e26d5373f,False
11665647,original/code/clean.R,2675,157fcafb2852ddc8ac72adb3c07b0155e8684a2ae4bcf0fdae77615f307ce7fc,d8b565c1c5fa06ecfefb5391970a3a83,False
11665689,original/documentation/codebook.docx,50959,f916d093b267bd94e000e2df73bc2a907c262440219aee702825dafef7e1acbe,817386db89b77d935125c638433f3b81,False
11665671,original/code/pwtest-package/.git/hooks/commit-msg.sample,896,1f74d5e9292979b573ebd59741d46cb93ff391acdd083d340b94370753d92437,579a3c1e12a1e74a98169175fb913012,False
11665633,original/code/pwtest-package/.git/config,367,8f41d94f6994b20665379ba7dfad23acfe4c967d89e18722a1a8604e9aebdca2,58be8a3fdf17ba83c552c43043546102,False
11665628,original/code/pwtest-package/.Rproj.user/63230FF1/cpp-definition-cache,2,4f53cda18c2baa0c0354bb5f9a3ecbe5ed12ab4d8e11ba873c2f11161202b945,d751713988987e9331980363e24189ce,False
11665654,original/code/pwtest-package/.Rproj.user/63230FF1/pcs/debug-breakpoints.pper,66,ad97b681fac9aefd97a570bbc8cc03fc937ceec0e0f7b3b1fd0672362a80eb63,dffe33cc8725983ad58108f74ed1093d,False
11665644,original/code/pwtest-package/.git/description,73,85ab6c163d43a17ea9cf7788308bca1466f1b0a8d1cc92e26e9bf63da4062aee,a0a7c3fff21f2aea3cfa1d0316dd816c,False
11665583,original/code/pwtest-package/DESCRIPTION,788,c0324ffe5d6905fd941235c78bf3ab8333c41e359bdb39083fbdc75080fe8213,f3e024d56f73107ade2918d309c17c1a,False
11665676,original/documentation/instruments/elite-surveys.docx,35413,0e31c059abf9381b809526cc9fe0944bd5c844b17d444a5949651b54bf09a564,5bbe81910158fb8c555ad71433a51e6c,False
11665623,original/data/analysis/elite_survey.csv,73262,25af55c0bf4a11a77108a365aedd5ad422fe01615e6e311e02836460fd6921c5,847b23023a8f85e245b135540ead6691,False
11665590,original/code/pwtest-package/.git/info/exclude,240,6671fe83b7a07c8932ee89164d1f2793b2318058eb8b98dc5c06ee0a5a3b0ec1,036208b4a1ab4a235d75c181e685e5a3,False
11665659,original/data/analysis/expert_predictions.csv,259,205f54d9b0932cf21ae976e4c03e67251a7bdc07940be56b16a1345bf13bacef,e616292e6320571f3422a3159bd22d3e,False
11665692,original/code/pwtest-package/.git/FETCH_HEAD,215,6b67c60a48ffe46135b17f061989a5962c848b2ccc1c04abd06ddfe3d47b57db,08140308485d1a731255e0468c5f4788,False
11665636,original/results/figures/figure2.png,76358,bd310ba5105ca694bbcbdf2df69377646e62c9a803f105167a30a7a627e626e6,60b8c0f8d1845b88f1d40ae5310d36ba,False
11665606,original/results/figures/figure3.png,250059,90862a53000aef5e6d20077b305f5a0d30f8e4e9cecb90c6caa13c58ec0ac129,3b78a88374444cfd9de9a81f6b944fd0,False
11665630,original/results/figures/figure4.png,191599,f6a0ab136fabe7ecf4962c543861e7fb2559c4d6eb120dd7e741f95cc0e658e0,f4ff7ca59dde6f4235c1bbe026450925,False
11665632,original/results/figures/figure5.png,633358,e768c3c10fba06cd8a60d72520263166de4bc7c535d66aa47ae8436588212fd6,80e4bcad9035699a04755cce7041745f,False
11665609,original/results/figures/figure6.png,162817,53d7b0c233c51bab6057daeb45fa471cc716b881c0940a9169b723751e516c55,3c1f035d2cae46f0de5ef2533d848a55,False
11665670,original/results/figures/figurec1.png,126642,5f873eb0b6a34491cb2e8934924e3c8bc865b7e5258df664459b18b76b86d098,9a8673d38081ff68251f26d09de608f3,False
11665600,original/results/figures/figured1.png,923463,5418a0771d373fdc7b5fccfc329cfd232d47ec915b39db6bb15c08768e915307,0cfa3cca3a9832f507cd6ddd7d8d26c1,False
11665649,original/results/figures/figured2.png,1043380,3cb2c97d9d73eb90b653a9a84d8c9a5a6d8f6e068d3e698dab5f922be89f5cc4,260d8d043e8e9d9983753f4e23e462de,False
11665593,original/results/figures/figured3.png,839232,4d366ea30334d1fb31b90297ab938409a646af314a6ca48def34dbb91fdb92a5,98537ea3bb7923dfcccfddc5689d9748,False
11665610,original/results/figures/figureg1.png,109245,36e6552b35a61e8b08ba74ed7bbc7f32022a36ab2e4c9c0e7fdf48c402bab7be,ff60096d2b030ad62acbd41cc8d651e6,False
11665627,original/results/figures/figureh1.png,758457,d538fea7183619f931075a11750831a75e4d32b66fb5ecf8c4cf2eaf57022cb6,0c54341942e55b8a814ef5a120ba1f74,False
11665690,original/results/figures/figureh2.png,149147,e10c78f2174d041052fbf291fbe31ceaf053afd4e3c89870d6860c7bb2a5a720,2981fbd4509aedb02d7f62e6bb77a572,False
11665672,original/code/pwtest-package/.Rproj.user/63230FF1/pcs/files-pane.pper,139,41b6fc69647bb761a44ca3299969ee0228d78ee6e61a8a9db9eac13abe98928d,49f98519edaf5f729316b0b50670e98c,False
11665612,original/code/pwtest-package/.git/hooks/fsmonitor-watchman.sample,4726,e0549964e93897b519bd8e333c037e51fff0f88ba13e086a331592bf801fa1d0,a0b2633a2c8e97501610bd3f73da66fc,False
11665587,original/code/pwtest-package/.gitignore,59,d2914e17da1bfd636708cded7d2435ea433097f689a4de57a9c1e9b23edebf83,25e3245433e0a2324ff423ee08d3e4c0,False
11665608,original/documentation/irb-approvals/harvard-approval.pdf,111425,c122d46624bea6f9b965e2d3d44887250bb6db01439c7d851ca69404bca55f04,938a6f21537db545770e4bed7c3f716a,False
11665682,original/code/pwtest-package/.git/HEAD,21,28d25bf82af4c0e2b72f50959b2beb859e3e60b9630a5e8c603dad4ddb2b6e80,cf7dd3ce51958c5f13fece957cc417fb,False
11665614,original/code/pwtest-package/.git/refs/remotes/origin/HEAD,30,2bb6a24aa0fc6c484100f5d51a29bbad841cd2c755f5d93faa204e5dbb4eb2b4,98b16e0b650190870f1b40bc8f4aec4e,False
11665681,original/code/pwtest-package/.git/logs/HEAD,217,3134c05de43f0ac97e8f878fa30bb3e5d329d2bfe715207befa7ac199dbd97f9,8cd8f946fc506ea7d6eaa3baf781afde,False
11665611,original/code/pwtest-package/.git/logs/refs/remotes/origin/HEAD,1747,b315d408f504675daf1f0fa5802b6ad0d07eb8550c5ffe797c0713410437496b,33f9b1b87a11e725837206539f47e9c3,False
11665667,original/code/pwtest-package/R/helpers.R,13027,f39fc3eded8b1d13d30fa94c3f1e14e8f8d569b16a50c353be7ebe6f7fd938e3,37801ef01290f6829b380f7094280a56,False
11665643,original/code/helpers.R,8274,fa4f409a6d3f336f9ab6d7a8e10682e3ffe9285a11d387defdf52fedf89c50ee,68da172fb2d95783fab788bc12237953,False
11665658,original/code/pwtest-package/.git/index,1224,91cc6be241a12e404e3e2839b2cfa26000d7156140809e5ca5e8d53c56a5374e,c95c317d92a37868947844cf11979a0b,False
11665584,original/code/pwtest-package/LICENSE,44,139ec16a60f9b43e40240e3b188bf9d8c244d0dcc68e4de67fdd941d3b6392d2,403e443e03cf079588301c9063caae0d,False
11665677,original/code/pwtest-package/LICENSE.md,1073,c8b0fd007f9875679eae5e14a9d0cee662c84ff93472b6c3cf11883d77974d53,ae9090110d0a85eb6793351b2c6d194d,False
11665616,original/code/pwtest-package/.git/logs/refs/heads/main,217,3134c05de43f0ac97e8f878fa30bb3e5d329d2bfe715207befa7ac199dbd97f9,8cd8f946fc506ea7d6eaa3baf781afde,False
11665634,original/code/pwtest-package/.git/refs/heads/main,41,67b77a9ad4d15cd2998b73d1f3d36a2560b27e0634236978b1dddf8969b4060a,8938c7686d5af9e2a210d7d8717d8590,False
11780116,original/code/main.R,23185,3b63d0d061290adef39af3466c5948b286e0f264ac447701884d5c0f47121664,62551e06eb018963d4955d16651dc478,False
11665635,original/code/master.R,96,555be2307dae8e1bf6cd3018dd8404206faaf281cfb4180a3f977876dd4f7b47,897a3783a992f885d6bd694f4ef010fb,False
11665668,original/code/pwtest-package/NAMESPACE,380,d179d11cb0b23f00d8ac89fd3fe045a740f93d774c9944adea7e993d69ddd883,82dbddc969861870d0cca89876c04b4f,False
11665684,original/code/pwtest-package/.git/objects/pack/pack-63b0cd430e7f7597b933df04a4405f762b50f870.idx,3816,f00ea884bd9ca230df0ec11cc07b3533e1d7c2433610fc21d8b3b73e7a98d890,c0318aa39b6a386979ae52ee017a412f,False
11665656,original/code/pwtest-package/.git/objects/pack/pack-63b0cd430e7f7597b933df04a4405f762b50f870.pack,27920,ddc382e1d73f24e325f1659062ee8a5c7cd4f3a12ca1b9dd15fe379e4752ce3e,4c99d74a6d2227513d5da526fa8266e3,False
11665653,original/code/pwtest-package/.git/objects/pack/pack-63b0cd430e7f7597b933df04a4405f762b50f870.rev,444,b67d4b7445bba0457414a3d5b587a2ad7d11bf75d6d69167a7dd68080c081553,a90e1aba2f81881e72c23a9705572d13,False
11665663,original/code/pwtest-package/.git/packed-refs,184,2d3ffa5938e3f3312c904294bea2d3a4c5131b7aae921f44621f77b069a6f63c,5566eeda69365c0c327b5fbd871a291a,False
11665695,original/code/pwtest-package/.Rproj.user/shared/notebooks/patch-chunk-names,0,e3b0c44298fc1c149afbf4c8996fb92427ae41e4649b934ca495991b7852b855,d41d8cd98f00b204e9800998ecf8427e,False
11665673,original/code/pwtest-package/.Rproj.user/63230FF1/persistent-state,1816,de9e98d1494fca45327b350606987de5288a3f27af08630969dee89e968057f4,4bb5b5bd86a80498e3108bc7a5470171,False
11665655,original/code/pwtest-package/.git/hooks/post-update.sample,189,81765af2daef323061dcbc5e61fc16481cb74b3bac9ad8a174b186523586f6c5,2b7ea5cee3c49ff53d41e00785eb974c,False
11665679,original/code/pwtest-package/.git/hooks/pre-applypatch.sample,424,e15c5b469ea3e0a695bea6f2c82bcf8e62821074939ddd85b77e0007ff165475,054f9ffb8bfe04a599751cc757226dda,False
11665621,original/code/pwtest-package/.git/hooks/pre-commit.sample,1649,57185b7b9f05239d7ab52db045f5b89eb31348d7b2177eab214f5eb872e1971b,5029bfab85b1c39281aa9697379ea444,False
11665615,original/code/pwtest-package/.git/hooks/pre-merge-commit.sample,416,d3825a70337940ebbd0a5c072984e13245920cdf8898bd225c8d27a6dfc9cb53,39cb268e2a85d436b9eb6f47614c3cbc,False
11665669,original/code/pwtest-package/.git/hooks/prepare-commit-msg.sample,1492,e9ddcaa4189fddd25ed97fc8c789eca7b6ca16390b2392ae3276f0c8e1aa4619,2b5c047bdb474555e1787db32b2d2fc5,False
11665664,original/code/pwtest-package/.git/hooks/pre-push.sample,1374,ecce9c7e04d3f5dd9d8ada81753dd1d549a9634b26770042b58dda00217d086a,2c642152299a94e05ea26eae11993b13,False
11665604,original/code/pwtest-package/.git/hooks/pre-rebase.sample,4898,4febce867790052338076f4e66cc47efb14879d18097d1d61c8261859eaaa7b3,56e45f2bcbc8226d2b4200f7c46371bf,False
11665594,original/code/pwtest-package/.git/hooks/pre-receive.sample,544,a4c3d2b9c7bb3fd8d1441c31bd4ee71a595d66b44fcf49ddb310252320169989,2ad18ec82c20af7b5926ed9cea6aeedd,False
11665693,original/code/pwtest-package/.git/hooks/push-to-checkout.sample,2783,a53d0741798b287c6dd7afa64aee473f305e65d3f49463bb9d7408ec3b12bf5f,c7ab00c7784efeadad3ae9b228d4b4db,False
11665619,original/code/pwtest-package/man/pw_delta.Rd,850,096e85fb095161feb84e5647991f799c37c92bd344abbbb3635af53357ba0b6a,3835c5185b85cf1c47390cc85494afc7,False
11665639,original/code/pwtest-package/man/pw_delta_rdd.Rd,1454,c391160755333bdce17338f44448260cd957a151bdf8b0e4e19ade5c8b7beb11,20b5d7dad33088c64644a4199cc88275,False
11665620,original/code/pwtest-package/man/pw.Rd,757,a7df2a0128847f20bc5192c19146da8fe1f372d734001a1f423d5e64dcdc4d38,7420eb70532e8bdac0cb7efbd53cdab9,False
11665641,original/code/pwtest-package/R/pwtest.R,14295,8f48b70b87260e680f2f89482fee65be322b5195cf4036cf8c677e433a055f7e,346302eeb3eaa8eddc42e5aa839bd531,False
11665694,original/code/pwtest-package/man/pwtest.Rd,2452,df12467b496cb9e3efe5537c735b85d16b5b44a5b54b8753df192aaed1c48e34,88d0e9becd91e26ece21389377ae0543,False
11665597,original/code/pwtest-package/pwtest.Rproj,462,688a964bf744a64400466c4e951c472bc0a778be826592f662db7c7af9555009,e8967a0e0b2d181c42a134b0d5e2fcdf,False
11665678,original/code/pwtest-package/.Rbuildignore,46,dae5d3e254dfdf346a1ec5a5bc6dbc9857851b5b6be606654506bc053e6a1c4d,6d2e9652d30a8fb5fc0f317350bc31b3,False
11665638,original/README.rtf,8665,8fe99df20913056cf92fbbca4a68a5d0f52801f9ccb88f0884dc77f7f3c4413f,ae462652d3eb4a840d47d97cb7165b94,False
11665617,original/data/analysis/resignation_admin.csv,17817,824cece913ce4023137378a683e601d49ac96a4c73c34db2a6ef8a4c85511871,556e8d2dd24208197edc77038f770783,False
11665688,original/code/pwtest-package/.Rhistory,0,e3b0c44298fc1c149afbf4c8996fb92427ae41e4649b934ca495991b7852b855,d41d8cd98f00b204e9800998ecf8427e,False
11665595,original/code/pwtest-package/.Rproj.user/63230FF1/rmd-outputs,5,7c370d9536d7d0d6a0f7cd7f9826692acd93e4fb05ba46f7b630b879740343d3,cc9067c2ee470dc248b14b194209a34e,False
11665685,original/code/pwtest-package/.Rproj.user/63230FF1/saved_source_markers,27,943cf5311c54c71f50cdf4d28d072c70ec8785a4b2b73bcc2000e6f1cf1dfc31,03848550b5519652cec02c7edb2ca8a4,False
11665598,original/code/pwtest-package/.git/hooks/sendemail-validate.sample,2308,44ebfc923dc5466bc009602f0ecf067b9c65459abfe8868ddc49b78e6ced7a92,4d67df3a8d5c98cb8565c07e42be0b04,False
11665680,original/code/pwtest-package/.Rproj.user/63230FF1/pcs/source-pane.pper,23,d3a99880b45660498bf535569917d35e828a53122b48d4bb9d197a21c2cad4c9,7ceaaae6263f716e7d266231403441fe,False
11665651,original/data/analysis/survey_experiment_clean.csv,234153,1153602f5f020f778bed6affe5a98193ee474d66a25569c15a92dc653e9d1a62,7fd6fe0475f62f389916c587a7ae9fa2,False
11665691,original/documentation/instruments/survey-experiment-survey.docx,38577,a64d49b506a35224868feef65a0b0c727cac8ff6fd210a5996a6a90690dcd80c,b3ce233a24064a35e4ca963973d5077a,False
11665599,original/data/raw/survey_experiment.csv,468244,35e1d94cc1e5dea02936a52a2b12f08db2ccd9df3840feceeb21030dd30f7561,c8dbf0273339cc21ff20d9ffe5169513,False
11665589,original/results/tables/tableb1.tex,476,4360e7453bc081af7cdc6764e4b9c1ed02aeafcac387e168d86f44ba738dad2b,b3230d45be635ea43ee993ec142af546,False
11665637,original/results/tables/tableb2.tex,1281,fb799056c33614126264b75a1e95d91789885e7e4b75c7ec0e302154f31c939c,d220deda0f5e8fca5e270e90ce266bc0,False
11665687,original/results/tables/tablec1.tex,820,c6f65fa2e2047759fc0235e5ec3d7812a16c8e94c106989f5a0dd43de32536f9,e87327a037a4198e49e41d51550e53f6,False
11665650,original/results/tables/tablec2.tex,1068,d3b0238297cf2fef1c3fe3805013dd907114d34c0098b3f9e07363a24086c978,c331f29667a606b30a237f5e57f9c967,False
11665603,original/results/tables/tablec3.tex,1394,a1d4ebcb20fff4562f5c56b7f8a2cb115d8a032031b4be8416ebba35c4d90634,5bd85214d28145f6e96fae82c52ede74,False
11665618,original/results/tables/tablec4.tex,3112,04c4f163c4ae17f6131f33cb14c12000a26bd8949652caae9241f0b78e811a39,6acde3e32156830b6127ce4ba7a30745,False
11665622,original/results/tables/tablec5.tex,662,a582a11d5114b2376bd3bcc9538c1d2426bd6b1e6d1ee147be1718a3bb6917de,76bc376930228a6dc360b7d0e5902f96,False
11665602,original/results/tables/tabled10.tex,5204,c8278bf629b53ca9a2d59615909bd5be67c4a878d468458bc24f9a46907a4073,a39d10136b235ac043b1698d838d1764,False
11665626,original/results/tables/tabled11.tex,4509,58d36472c6dc8f6bc013036f02c5f0fbf0f7b5ff41b26beeee6aefd2034ecb4e,e78eb370cad3c700b58ede06c6c827cc,False
11665596,original/results/tables/tabled12.tex,5309,5a93bc846d862b109b521500d3b72bb3aacc6203173b3fb551350ae8da0ded5b,aea625f101bfd0edd7f29f358feb5bd9,False
11665666,original/results/tables/tabled13.tex,6049,3cb81a76a4fe6ca6aca9f9ce51c64500421703ec7f11cf9a2ba585e3b95e4317,cdfab03bce5af74ff1f992969a5020a8,False
11665665,original/results/tables/tabled14.tex,7068,06b2d813a71f32cceb56e624c4154dcef5e26964364b7aafedd07ff182be6fee,07290157546b848f291268c40c71ee41,False
11665674,original/results/tables/tabled15.tex,4604,8066b787581bd47b7d9da972ca640c4714ebc229bd9a2ddf58e11879a6d25e4f,a70bdde43e6d0c17327e6d240cbd7c9e,False
11665660,original/results/tables/tabled16.tex,4726,ccc59d9871efe24080b9e8f8b44e019d039d1746e70ff13458e1d9438d522895,4d99ec9702047685ebccb3518d971676,False
11665640,original/results/tables/tabled18.tex,1418,a63729791a6cabc98aa48950695e4fb30b5f71c52fcca7dc548bd3d67754e494,66e28894413170598c999b85698fa583,False
11665642,original/results/tables/tabled19.tex,1132,a7499407d96967945d54aec1af08e4d2d84cd5dc91757ddbf5f3cd45a422ca74,3bbe0e8b96c4b493877583c8efa98960,False
11665625,original/results/tables/tabled1.tex,1500,6e0379c093bbc8230fb70f594fa5f42fca32fa00b571d7bb128fcbd02ecc4672,961262d99cd3c70e4ee7658e1418e260,False
11665591,original/results/tables/tabled2.tex,3795,57087045478ccd72fa3f199da376156a27b533f10835ab170c0d1759907b52ec,8b82f4d45b11d8cba8f27311b9e79621,False
11665646,original/results/tables/tabled3.tex,4090,9faf636991f70c03016782abbfc2c17b8efcffb1c71a1e3eb9e94637081caa4e,6fe514d424b376be3bab987abff41b04,False
11665601,original/results/tables/tabled4.tex,5345,e41ae42d8b2709d3fbef568f0fc0c6a5693cdd11a59170bc72487fa52318e20c,655ec4d51225fbada3127cdc193a7e65,False
11665631,original/results/tables/tabled5.tex,3368,f60553c6c73c8c230ef8889d684f14bbce01d99fca1f43753fb240b3e9e81847,9fd14d5138f55e48f4c841d6ffd9fd4d,False
11665624,original/results/tables/tabled6.tex,10481,5908a47351f61a81468957f627cce4c437f3cf2610f22ed820819dc8ffe20e5c,4362f81eed82e338f01a2d6559c9e8b8,False
11665686,original/results/tables/tabled7.tex,1740,f721caa3aa473d72432b823c5e61e56b0668be4bd5e97a206e3589165e4a422e,5dff4e3e2bba06f7dc6296865d8ab23f,False
11665629,original/results/tables/tabled8.tex,2012,45a3f01bb36d2474fc9a37518ed94dc7f3445fa812e479749d20e5037647ae39,1078afc0accdbec746e3edcc30c2a8a2,False
11665652,original/results/tables/tabled9.tex,4976,0fbdbe50dadf968cecac74dd101635b47413a96011d2d70ad05a5f7bc8c33211,f456b8d905f431fbc5d47d376e39f254,False
11665592,original/results/tables/tablef2.tex,10199,e3401f12eaa0bbe84ced4fa7318de0ceeb8292ad460b8afa335001dde9ef8d56,dd337d323c171f9cb508643769ac33c3,False
11665662,original/results/tables/tablef3.tex,2991,cbea56e814a858e6f4f390a077e5ba74b5d5360fbbd95b6a23ec45030d311e43,4f15cfce2719b5aa7a26a2bd9a44ffe8,False
11665657,original/results/tables/tablef4.tex,12444,7b34a00bed4d4781d30d3b67619946d57deaf7c84b7c6c80dbcec9358c0ae10f,41d79d789b472836f3edbd8ccdc15f36,False
11665586,original/documentation/irb-approvals/ucb-approval.pdf,172086,31ff02943d2f0f8e66eaa0e1bd04b961ace545caa40150f9d4a26cc6806e4a8a,e1ee511ea89774b523eb759e22f7f775,False
11665605,original/code/pwtest-package/.git/hooks/update.sample,3650,8d5f2fa83e103cf08b57eaa67521df9194f45cbdbcb37da52ad586097a14d106,647ae13c682f7827c22f5fc08a03674e,False
11665588,original/code/pwtest-package/man/uw_delta.Rd,732,5d19731b3bfb6f23d23a96650b54290aea15fe0f9eaaee8199ba488234337d95,2a77bff16c470046544ee280e5702ab7,False
11665585,original/code/pwtest-package/.Rproj.user/63230FF1/pcs/windowlayoutstate.pper,283,208ad2846a251cfe3af683bc1d5518661583ff6bd69e240e4f3cc58a39d586b5,3abdf7ceefb9d0b1be3bc380e3ffb7dd,False
11665683,original/code/pwtest-package/.Rproj.user/63230FF1/pcs/workbench-pane.pper,57,a6fb8ee566bd62d19b4ea95088d3f095d0d41623e427a9629b9bd7e6ea98852f,1830393256d00eaed3aa4977518cfe74,False
