"artifact","regenerated","numeric_values_original","numeric_values_reproduced","numeric_values_different","max_numeric_difference","status"
"figures/figure2.png",TRUE,0,0,NA,NA,"regenerated_raster_numeric_check_separate"
"figures/figure3.png",TRUE,0,0,NA,NA,"regenerated_raster_numeric_check_separate"
"figures/figure4.png",TRUE,0,0,NA,NA,"regenerated_raster_numeric_check_separate"
"figures/figure5.png",TRUE,0,0,NA,NA,"regenerated_raster_numeric_check_separate"
"figures/figure6.png",TRUE,0,0,NA,NA,"regenerated_raster_numeric_check_separate"
"figures/figurec1.png",TRUE,0,0,NA,NA,"regenerated_raster_numeric_check_separate"
"figures/figured1.png",TRUE,0,0,NA,NA,"regenerated_raster_numeric_check_separate"
"figures/figured2.png",TRUE,0,0,NA,NA,"regenerated_raster_numeric_check_separate"
"figures/figured3.png",TRUE,0,0,NA,NA,"regenerated_raster_numeric_check_separate"
"figures/figureg1.png",TRUE,0,0,NA,NA,"regenerated_raster_numeric_check_separate"
"figures/figureh1.png",TRUE,0,0,NA,NA,"regenerated_raster_numeric_check_separate"
"figures/figureh2.png",TRUE,0,0,NA,NA,"regenerated_raster_numeric_check_separate"
"tables/tableb1.tex",TRUE,16,16,0,0,"all_printed_numeric_cells_match"
"tables/tableb2.tex",TRUE,64,64,0,0,"all_printed_numeric_cells_match"
"tables/tablec1.tex",TRUE,8,8,0,0,"all_printed_numeric_cells_match"
"tables/tablec2.tex",TRUE,25,25,0,0,"all_printed_numeric_cells_match"
"tables/tablec3.tex",TRUE,32,32,0,0,"all_printed_numeric_cells_match"
"tables/tablec4.tex",TRUE,150,150,0,0,"all_printed_numeric_cells_match"
"tables/tablec5.tex",TRUE,10,10,0,0,"all_printed_numeric_cells_match"
"tables/tabled1.tex",TRUE,30,30,0,0,"all_printed_numeric_cells_match"
"tables/tabled10.tex",TRUE,144,144,0,0,"all_printed_numeric_cells_match"
"tables/tabled11.tex",TRUE,106,106,0,0,"all_printed_numeric_cells_match"
"tables/tabled12.tex",TRUE,126,126,0,0,"all_printed_numeric_cells_match"
"tables/tabled13.tex",TRUE,108,108,0,0,"all_printed_numeric_cells_match"
"tables/tabled14.tex",TRUE,126,126,0,0,"all_printed_numeric_cells_match"
"tables/tabled15.tex",TRUE,192,192,0,0,"all_printed_numeric_cells_match"
"tables/tabled16.tex",TRUE,192,192,0,0,"all_printed_numeric_cells_match"
"tables/tabled18.tex",TRUE,35,35,0,0,"all_printed_numeric_cells_match"
"tables/tabled19.tex",TRUE,21,21,0,0,"all_printed_numeric_cells_match"
"tables/tabled2.tex",TRUE,60,60,0,0,"all_printed_numeric_cells_match"
"tables/tabled3.tex",TRUE,90,90,0,0,"all_printed_numeric_cells_match"
"tables/tabled4.tex",TRUE,90,90,0,0,"all_printed_numeric_cells_match"
"tables/tabled5.tex",TRUE,160,160,0,0,"all_printed_numeric_cells_match"
"tables/tabled6.tex",TRUE,320,320,0,0,"all_printed_numeric_cells_match"
"tables/tabled7.tex",TRUE,36,36,0,0,"all_printed_numeric_cells_match"
"tables/tabled8.tex",TRUE,42,42,0,0,"all_printed_numeric_cells_match"
"tables/tabled9.tex",TRUE,144,144,0,0,"all_printed_numeric_cells_match"
"tables/tablef2.tex",TRUE,180,180,0,0,"all_printed_numeric_cells_match"
"tables/tablef3.tex",TRUE,160,160,0,0,"all_printed_numeric_cells_match"
"tables/tablef4.tex",TRUE,258,258,0,0,"all_printed_numeric_cells_match"
