"variable","direct","all_group_n","nonmissing_n","published_se","corrected_se","published_printed","corrected_printed","changes_printed_value"
"number_villages_GP",0,370,370,0.0330431524687551,0.0330431524687551,"0.033","0.033",FALSE
"number_villages_GP",1,234,234,0.0491753934553423,0.0491753934553423,"0.049","0.049",FALSE
"total_population_gp",0,370,369,223.517991767725,223.820656756429,"223.518","223.821",TRUE
"total_population_gp",1,234,234,727.367158481073,727.367158481073,"727.367","727.367",FALSE
"overall_percent_SC_gp",0,370,366,0.00632248124516486,0.00635693643895032,"0.006","0.006",FALSE
"overall_percent_SC_gp",1,234,233,0.0081222158138304,0.00813962680018517,"0.008","0.008",FALSE
"km_from_block_office",0,370,370,0.61670281849096,0.61670281849096,"0.617","0.617",FALSE
"km_from_block_office",1,234,234,0.819653115014312,0.819653115014312,"0.820","0.820",FALSE
"total_time_from_block_office",0,370,370,0.0849174410771419,0.0849174410771419,"0.085","0.085",FALSE
"total_time_from_block_office",1,234,234,0.132624790542719,0.132624790542719,"0.133","0.133",FALSE
"speed_to_block_office",0,370,370,5.62066373358264,5.62066373358264,"5.621","5.621",FALSE
"speed_to_block_office",1,234,234,7.64299925427722,7.64299925427722,"7.643","7.643",FALSE
"pilgrimage_sites",0,370,370,0.0241507679891535,0.0241507679891535,"0.024","0.024",FALSE
"pilgrimage_sites",1,234,233,0.0300339836872552,0.0300983652910126,"0.030","0.030",FALSE
"historic_sites",0,370,370,0.0171765727756955,0.0171765727756955,"0.017","0.017",FALSE
"historic_sites",1,234,234,0.0205884913160924,0.0205884913160924,"0.021","0.021",FALSE
"economic_opportunities",0,370,369,0.0229910988576411,0.0230222310301388,"0.023","0.023",FALSE
"economic_opportunities",1,234,234,0.0281209665039144,0.0281209665039144,"0.028","0.028",FALSE
"all_villages_electricity_grid",0,370,368,0.00961010314984917,0.00963618217513709,"0.010","0.010",FALSE
"all_villages_electricity_grid",1,234,233,0.0111833871040644,0.0112073600942843,"0.011","0.011",FALSE
"reserved_women",0,370,370,0.0260285800496041,0.0260285800496041,"0.026","0.026",FALSE
"reserved_women",1,234,234,0.0326109987309862,0.0326109987309862,"0.033","0.033",FALSE
"reserved_open",0,370,370,0.0252820560810103,0.0252820560810103,"0.025","0.025",FALSE
"reserved_open",1,234,234,0.0312561082442188,0.0312561082442188,"0.031","0.031",FALSE
"reserved_obc",0,370,370,0.0236672400789154,0.0236672400789154,"0.024","0.024",FALSE
"reserved_obc",1,234,234,0.0309802969926186,0.0309802969926186,"0.031","0.031",FALSE
"reserved_sc",0,370,370,0.0244217876990969,0.0244217876990969,"0.024","0.024",FALSE
"reserved_sc",1,234,234,0.0303515273233451,0.0303515273233451,"0.030","0.030",FALSE
