"sarpanch_election_year","sarpanch_election_month","direct","Freq"
"2015","1","0",2
"2016","1","0",1
"2021","1","0",153
"2017","2","0",3
"2020","2","0",2
"2021","2","0",47
"2016","3","0",3
"2021","3","0",3
"2015","4","0",2
"2015","5","0",2
"2017","5","0",1
"2015","6","0",7
"2017","6","0",1
"2015","7","0",19
"2015","8","0",46
"2016","8","0",3
"2015","9","0",6
"2015","10","0",31
"2016","10","0",2
"2015","11","0",22
"2016","11","0",3
"2015","12","0",5
"2020","12","0",6
"2018","1","1",8
"2019","1","1",7
"2020","1","1",1
"2018","2","1",5
"2019","2","1",4
"2018","3","1",1
"2019","3","1",8
"2018","4","1",1
"2018","5","1",13
"2019","5","1",1
"2018","6","1",1
"2019","6","1",2
"2018","7","1",4
"2019","7","1",1
"2017","8","1",1
"2018","8","1",5
"2019","8","1",1
"2017","9","1",4
"2018","9","1",8
"2017","10","1",72
"2018","10","1",1
"2017","11","1",34
"2018","11","1",1
"2017","12","1",37
"2018","12","1",11
"2019","12","1",2
