"Outcome","Mean direct (SE)","Mean indirect (SE)","Diff (SE)","N","p_value.treatment"
"No. villages","1.308 (0.049)","1.238 (0.033)","0.070 (0.059)",604,0.238839577348419
"Population","3262.064 (727.367)","3024.707 (223.518)","237.357 (761.025)",603,0.755231516460192
"Percent SC pop.","0.166 (0.008)","0.166 (0.006)","-0.000 (0.010)",599,0.99871110464855
"Distance to block (km)","20.831 (0.820)","20.622 (0.617)","0.209 (1.026)",604,0.83838236414948
"Time to block (hr)","0.826 (0.133)","0.758 (0.085)","0.069 (0.157)",604,0.663633284724305
"Speed to block (km/h)","40.894 (7.643)","38.092 (5.621)","2.802 (9.487)",604,0.767869098907271
"Pilgrimage sites","0.300 (0.030)","0.314 (0.024)","-0.013 (0.039)",603,0.734681446453694
"Historic sites","0.111 (0.021)","0.124 (0.017)","-0.013 (0.027)",604,0.622335788861522
"Economic opportunities","0.244 (0.028)","0.266 (0.023)","-0.022 (0.036)",603,0.545308478882894
"Electricity grid","0.970 (0.011)","0.965 (0.010)","0.005 (0.015)",601,0.720885613179914
"Gender quota","0.453 (0.033)","0.503 (0.026)","-0.050 (0.042)",604,0.233963765456852
"No caste quota","0.350 (0.031)","0.381 (0.025)","-0.031 (0.040)",604,0.446054236403107
"OBC caste quota","0.338 (0.031)","0.292 (0.024)","0.046 (0.039)",604,0.241421803964907
"SC caste quota","0.312 (0.030)","0.327 (0.024)","-0.015 (0.039)",604,0.699179790034061
