"figure","variable","statistic","published","reproduced","digits","matches_printed_precision"
"4","most_influential_gd","indirect_mean",0.178,0.178378378378378,3,TRUE
"4","prop_speakingtime_sarpanch","indirect_mean",0.259,0.258644986449865,3,TRUE
"4","i_decide_masik_sabha","indirect_mean",0.211,0.210526315789474,3,TRUE
"4","sarpanch_nominate_BDO","indirect_mean",0.583,0.582880434782609,3,TRUE
"4","sarpanch_inauguralevents","indirect_mean",0.617,0.616658996778647,3,TRUE
"4","most_influential_gd","direct_mean",0.329,0.329059829059829,3,TRUE
"4","prop_speakingtime_sarpanch","direct_mean",0.311,0.310598290598291,3,TRUE
"4","i_decide_masik_sabha","direct_mean",0.325,0.324786324786325,3,TRUE
"4","sarpanch_nominate_BDO","direct_mean",0.665,0.664516129032258,3,TRUE
"4","sarpanch_inauguralevents","direct_mean",0.748,0.748349229640499,3,TRUE
"4","most_influential_gd","ATE",0.151,0.150681450681451,3,TRUE
"4","prop_speakingtime_sarpanch","ATE",0.052,0.0519533041484261,3,TRUE
"4","i_decide_masik_sabha","ATE",0.114,0.114260008996851,3,TRUE
"4","sarpanch_nominate_BDO","ATE",0.082,0.081635694249649,3,TRUE
"4","sarpanch_inauguralevents","ATE",0.132,0.131690232861849,3,TRUE
"5_formal","sarpanch_maratha","indirect_mean",0.232,0.232432432432432,3,TRUE
"5_formal","avg_prop_land_held_sarpanch_caste","indirect_mean",0.289,0.288701550387597,3,TRUE
"5_formal","sarpanch_male","indirect_mean",0.357,0.356756756756757,3,TRUE
"5_formal","sarpanch_land_own_name","indirect_mean",0.334,0.334246575342466,3,TRUE
"5_formal","three_four_wheeler","indirect_mean",0.168,0.167567567567568,3,TRUE
"5_formal","pacca_house","indirect_mean",0.511,0.510810810810811,3,TRUE
"5_formal","sarpanch_maratha","ATE",0.098,0.0980396705718595,3,TRUE
"5_formal","avg_prop_land_held_sarpanch_caste","ATE",0.154,0.154182681149329,3,TRUE
"5_formal","sarpanch_male","ATE",0.16,0.16033726033726,3,TRUE
"5_formal","sarpanch_land_own_name","ATE",0.155,0.154930913835023,3,TRUE
"5_formal","three_four_wheeler","ATE",0.119,0.118757218757219,3,TRUE
"5_formal","pacca_house","ATE",0.105,0.104573804573805,3,TRUE
"5_informal","sarpanch_uncontested","indirect_mean",0.409,0.409214092140921,3,TRUE
"5_informal","resignation","indirect_mean",0.233,0.233062330623306,3,TRUE
"5_informal","rich_landowner_influences_gp","indirect_mean",0.131,0.13091922005571,3,TRUE
"5_informal","other_nominate_BDO","indirect_mean",0.168,0.167572463768116,3,TRUE
"5_informal","formersarpanch_otherperson_inauguralevents","indirect_mean",0.205,0.204786010124252,3,TRUE
"5_informal","resignation_reported","indirect_mean",0.21,0.209729233593391,3,TRUE
"5_informal","resigned","indirect_mean",0.193,0.193069306930693,3,TRUE
"5_informal","sarpanch_uncontested","ATE",-0.281,-0.281008963935793,3,TRUE
"5_informal","resignation","ATE",-0.207,-0.20720026165779,3,TRUE
"5_informal","rich_landowner_influences_gp","ATE",-0.083,-0.0828842855578938,3,TRUE
"5_informal","other_nominate_BDO","ATE",-0.052,-0.0521602773881878,3,TRUE
"5_informal","formersarpanch_otherperson_inauguralevents","ATE",-0.057,-0.0573171913421528,3,TRUE
"5_informal","resignation_reported","ATE",-0.18,-0.179707789704905,3,TRUE
"5_informal","resigned","ATE",-0.138,-0.137513751375138,3,TRUE
"6","Male","ATE",0.049,0.0488132412786811,3,TRUE
"6","Maratha","ATE",0.139,0.138848670493043,3,TRUE
"6","Male","control_mean",0.658,0.658163265306122,3,TRUE
"6","Maratha","control_mean",0.605,0.605172413793103,3,TRUE
"6","bharti kamble","group_mean",0.58,0.578414839797639,2,TRUE
"6","bharti marathe","group_mean",0.74,0.739279588336192,2,TRUE
"6","rohit kamble","group_mean",0.63,0.6331569664903,2,TRUE
"6","rohit marathe","group_mean",0.77,0.766556291390728,2,TRUE
"3","number_villages_GP","direct_mean",1.308,1.30769230769231,3,TRUE
"3","total_population_gp","direct_mean",3262.064,3262.0641025641,3,TRUE
"3","overall_percent_SC_gp","direct_mean",0.166,0.16613335350608,3,TRUE
"3","km_from_block_office","direct_mean",20.831,20.8311965811966,3,TRUE
"3","total_time_from_block_office","direct_mean",0.826,0.826495726495727,3,TRUE
"3","speed_to_block_office","direct_mean",40.894,40.8938459144341,3,TRUE
"3","pilgrimage_sites","direct_mean",0.3,0.300429184549356,3,TRUE
"3","historic_sites","direct_mean",0.111,0.111111111111111,3,TRUE
"3","economic_opportunities","direct_mean",0.244,0.243589743589744,3,TRUE
"3","all_villages_electricity_grid","direct_mean",0.97,0.969957081545064,3,TRUE
"3","reserved_women","direct_mean",0.453,0.452991452991453,3,TRUE
"3","reserved_open","direct_mean",0.35,0.35042735042735,3,TRUE
"3","reserved_obc","direct_mean",0.338,0.337606837606838,3,TRUE
"3","reserved_sc","direct_mean",0.312,0.311965811965812,3,TRUE
"3","number_villages_GP","direct_se",0.049,0.0491753934553423,3,TRUE
"3","total_population_gp","direct_se",727.367,727.367158481073,3,TRUE
"3","overall_percent_SC_gp","direct_se",0.008,0.0081222158138304,3,TRUE
"3","km_from_block_office","direct_se",0.82,0.819653115014312,3,TRUE
"3","total_time_from_block_office","direct_se",0.133,0.132624790542719,3,TRUE
"3","speed_to_block_office","direct_se",7.643,7.64299925427722,3,TRUE
"3","pilgrimage_sites","direct_se",0.03,0.0300339836872552,3,TRUE
"3","historic_sites","direct_se",0.021,0.0205884913160924,3,TRUE
"3","economic_opportunities","direct_se",0.028,0.0281209665039144,3,TRUE
"3","all_villages_electricity_grid","direct_se",0.011,0.0111833871040644,3,TRUE
"3","reserved_women","direct_se",0.033,0.0326109987309862,3,TRUE
"3","reserved_open","direct_se",0.031,0.0312561082442188,3,TRUE
"3","reserved_obc","direct_se",0.031,0.0309802969926186,3,TRUE
"3","reserved_sc","direct_se",0.03,0.0303515273233451,3,TRUE
"3","number_villages_GP","indirect_mean",1.238,1.23783783783784,3,TRUE
"3","total_population_gp","indirect_mean",3024.707,3024.70731707317,3,TRUE
"3","overall_percent_SC_gp","indirect_mean",0.166,0.166150043989671,3,TRUE
"3","km_from_block_office","indirect_mean",20.622,20.6218918918919,3,TRUE
"3","total_time_from_block_office","indirect_mean",0.758,0.757972972972973,3,TRUE
"3","speed_to_block_office","indirect_mean",38.092,38.0923024123024,3,TRUE
"3","pilgrimage_sites","indirect_mean",0.314,0.313513513513514,3,TRUE
"3","historic_sites","indirect_mean",0.124,0.124324324324324,3,TRUE
"3","economic_opportunities","indirect_mean",0.266,0.265582655826558,3,TRUE
"3","all_villages_electricity_grid","indirect_mean",0.965,0.964673913043478,3,TRUE
"3","reserved_women","indirect_mean",0.503,0.502702702702703,3,TRUE
"3","reserved_open","indirect_mean",0.381,0.381081081081081,3,TRUE
"3","reserved_obc","indirect_mean",0.292,0.291891891891892,3,TRUE
"3","reserved_sc","indirect_mean",0.327,0.327027027027027,3,TRUE
"3","number_villages_GP","indirect_se",0.033,0.0330431524687551,3,TRUE
"3","total_population_gp","indirect_se",223.518,223.517991767725,3,TRUE
"3","overall_percent_SC_gp","indirect_se",0.006,0.00632248124516486,3,TRUE
"3","km_from_block_office","indirect_se",0.617,0.61670281849096,3,TRUE
"3","total_time_from_block_office","indirect_se",0.085,0.0849174410771419,3,TRUE
"3","speed_to_block_office","indirect_se",5.621,5.62066373358264,3,TRUE
"3","pilgrimage_sites","indirect_se",0.024,0.0241507679891535,3,TRUE
"3","historic_sites","indirect_se",0.017,0.0171765727756955,3,TRUE
"3","economic_opportunities","indirect_se",0.023,0.0229910988576411,3,TRUE
"3","all_villages_electricity_grid","indirect_se",0.01,0.00961010314984917,3,TRUE
"3","reserved_women","indirect_se",0.026,0.0260285800496041,3,TRUE
"3","reserved_open","indirect_se",0.025,0.0252820560810103,3,TRUE
"3","reserved_obc","indirect_se",0.024,0.0236672400789154,3,TRUE
"3","reserved_sc","indirect_se",0.024,0.0244217876990969,3,TRUE
"3","number_villages_GP","difference",0.07,0.0698544698544695,3,TRUE
"3","total_population_gp","difference",237.357,237.356785490932,3,TRUE
"3","overall_percent_SC_gp","difference",0,-1.66904835915166e-05,3,TRUE
"3","km_from_block_office","difference",0.209,0.209304689304688,3,TRUE
"3","total_time_from_block_office","difference",0.069,0.0685227535227532,3,TRUE
"3","speed_to_block_office","difference",2.802,2.80154350213173,3,TRUE
"3","pilgrimage_sites","difference",-0.013,-0.0130843289641573,3,TRUE
"3","historic_sites","difference",-0.013,-0.0132132132132132,3,TRUE
"3","economic_opportunities","difference",-0.022,-0.0219929122368147,3,TRUE
"3","all_villages_electricity_grid","difference",0.005,0.00528316850158607,3,TRUE
"3","reserved_women","difference",-0.05,-0.0497112497112499,3,TRUE
"3","reserved_open","difference",-0.031,-0.0306537306537308,3,TRUE
"3","reserved_obc","difference",0.046,0.0457149457149457,3,TRUE
"3","reserved_sc","difference",-0.015,-0.0150612150612151,3,TRUE
"3","number_villages_GP","difference_se",0.059,0.0592458373774995,3,TRUE
"3","total_population_gp","difference_se",761.025,761.024749681447,3,TRUE
"3","overall_percent_SC_gp","difference_se",0.01,0.010327834493985,3,TRUE
"3","km_from_block_office","difference_se",1.026,1.02574538521378,3,TRUE
"3","total_time_from_block_office","difference_se",0.157,0.157481131776445,3,TRUE
"3","speed_to_block_office","difference_se",9.487,9.48721763252501,3,TRUE
"3","pilgrimage_sites","difference_se",0.039,0.0385897808708102,3,TRUE
"3","historic_sites","difference_se",0.027,0.0268126952578733,3,TRUE
"3","economic_opportunities","difference_se",0.036,0.0363429756448115,3,TRUE
"3","all_villages_electricity_grid","difference_se",0.015,0.0147804237826723,3,TRUE
"3","reserved_women","difference_se",0.042,0.0417248633027243,3,TRUE
"3","reserved_open","difference_se",0.04,0.0402010778743266,3,TRUE
"3","reserved_obc","difference_se",0.039,0.0389861136137455,3,TRUE
"3","reserved_sc","difference_se",0.039,0.0389568854668789,3,TRUE
"3","number_villages_GP","n",604,604,3,TRUE
"3","total_population_gp","n",603,603,3,TRUE
"3","overall_percent_SC_gp","n",599,599,3,TRUE
"3","km_from_block_office","n",604,604,3,TRUE
"3","total_time_from_block_office","n",604,604,3,TRUE
"3","speed_to_block_office","n",604,604,3,TRUE
"3","pilgrimage_sites","n",603,603,3,TRUE
"3","historic_sites","n",604,604,3,TRUE
"3","economic_opportunities","n",603,603,3,TRUE
"3","all_villages_electricity_grid","n",601,601,3,TRUE
"3","reserved_women","n",604,604,3,TRUE
"3","reserved_open","n",604,604,3,TRUE
"3","reserved_obc","n",604,604,3,TRUE
"3","reserved_sc","n",604,604,3,TRUE
"3","number_villages_GP","p",0.239,0.238839577348419,3,TRUE
"3","total_population_gp","p",0.755,0.755231516460192,3,TRUE
"3","overall_percent_SC_gp","p",0.999,0.99871110464855,3,TRUE
"3","km_from_block_office","p",0.838,0.83838236414948,3,TRUE
"3","total_time_from_block_office","p",0.664,0.663633284724305,3,TRUE
"3","speed_to_block_office","p",0.768,0.767869098907271,3,TRUE
"3","pilgrimage_sites","p",0.735,0.734681446453694,3,TRUE
"3","historic_sites","p",0.622,0.622335788861522,3,TRUE
"3","economic_opportunities","p",0.545,0.545308478882894,3,TRUE
"3","all_villages_electricity_grid","p",0.721,0.720885613179914,3,TRUE
"3","reserved_women","p",0.234,0.233963765456852,3,TRUE
"3","reserved_open","p",0.446,0.446054236403107,3,TRUE
"3","reserved_obc","p",0.241,0.241421803964907,3,TRUE
"3","reserved_sc","p",0.699,0.699179790034061,3,TRUE
