path,expected_sha256,actual_sha256,matches
original/code/appendix.R,ee68da5fa8ae49b1725458fd50e435a46ca00212ef7bc43fc65781dca3e4b24a,ee68da5fa8ae49b1725458fd50e435a46ca00212ef7bc43fc65781dca3e4b24a,True
original/code/pwtest-package/.git/hooks/applypatch-msg.sample,0223497a0b8b033aa58a3a521b8629869386cf7ab0e2f101963d328aa62193f7,0223497a0b8b033aa58a3a521b8629869386cf7ab0e2f101963d328aa62193f7,True
original/documentation/irb-approvals/bu-approval.pdf,4a0777977228d8a27bae2dd0dbeaa2ed99bbfe72b42efc24ac77fed09f48e35d,4a0777977228d8a27bae2dd0dbeaa2ed99bbfe72b42efc24ac77fed09f48e35d,True
original/documentation/instruments/citizen-survey.docx,57bc1fd25f58fb2660151cdbebd9d13ba08b02f4bb96447f47abc75da1f0f6dd,57bc1fd25f58fb2660151cdbebd9d13ba08b02f4bb96447f47abc75da1f0f6dd,True
original/data/analysis/citizen_survey.csv,84eb97e7bffb9b2d8804448745316a1608bb8e7a00a60bce64b8e20ab3d97447,84eb97e7bffb9b2d8804448745316a1608bb8e7a00a60bce64b8e20ab3d97447,True
original/code/clean.R,157fcafb2852ddc8ac72adb3c07b0155e8684a2ae4bcf0fdae77615f307ce7fc,157fcafb2852ddc8ac72adb3c07b0155e8684a2ae4bcf0fdae77615f307ce7fc,True
original/documentation/codebook.docx,f916d093b267bd94e000e2df73bc2a907c262440219aee702825dafef7e1acbe,f916d093b267bd94e000e2df73bc2a907c262440219aee702825dafef7e1acbe,True
original/code/pwtest-package/.git/hooks/commit-msg.sample,1f74d5e9292979b573ebd59741d46cb93ff391acdd083d340b94370753d92437,1f74d5e9292979b573ebd59741d46cb93ff391acdd083d340b94370753d92437,True
original/code/pwtest-package/.git/config,8f41d94f6994b20665379ba7dfad23acfe4c967d89e18722a1a8604e9aebdca2,8f41d94f6994b20665379ba7dfad23acfe4c967d89e18722a1a8604e9aebdca2,True
original/code/pwtest-package/.Rproj.user/63230FF1/cpp-definition-cache,4f53cda18c2baa0c0354bb5f9a3ecbe5ed12ab4d8e11ba873c2f11161202b945,4f53cda18c2baa0c0354bb5f9a3ecbe5ed12ab4d8e11ba873c2f11161202b945,True
original/code/pwtest-package/.Rproj.user/63230FF1/pcs/debug-breakpoints.pper,ad97b681fac9aefd97a570bbc8cc03fc937ceec0e0f7b3b1fd0672362a80eb63,ad97b681fac9aefd97a570bbc8cc03fc937ceec0e0f7b3b1fd0672362a80eb63,True
original/code/pwtest-package/.git/description,85ab6c163d43a17ea9cf7788308bca1466f1b0a8d1cc92e26e9bf63da4062aee,85ab6c163d43a17ea9cf7788308bca1466f1b0a8d1cc92e26e9bf63da4062aee,True
original/code/pwtest-package/DESCRIPTION,c0324ffe5d6905fd941235c78bf3ab8333c41e359bdb39083fbdc75080fe8213,c0324ffe5d6905fd941235c78bf3ab8333c41e359bdb39083fbdc75080fe8213,True
original/documentation/instruments/elite-surveys.docx,0e31c059abf9381b809526cc9fe0944bd5c844b17d444a5949651b54bf09a564,0e31c059abf9381b809526cc9fe0944bd5c844b17d444a5949651b54bf09a564,True
original/data/analysis/elite_survey.csv,25af55c0bf4a11a77108a365aedd5ad422fe01615e6e311e02836460fd6921c5,25af55c0bf4a11a77108a365aedd5ad422fe01615e6e311e02836460fd6921c5,True
original/code/pwtest-package/.git/info/exclude,6671fe83b7a07c8932ee89164d1f2793b2318058eb8b98dc5c06ee0a5a3b0ec1,6671fe83b7a07c8932ee89164d1f2793b2318058eb8b98dc5c06ee0a5a3b0ec1,True
original/data/analysis/expert_predictions.csv,205f54d9b0932cf21ae976e4c03e67251a7bdc07940be56b16a1345bf13bacef,205f54d9b0932cf21ae976e4c03e67251a7bdc07940be56b16a1345bf13bacef,True
original/code/pwtest-package/.git/FETCH_HEAD,6b67c60a48ffe46135b17f061989a5962c848b2ccc1c04abd06ddfe3d47b57db,6b67c60a48ffe46135b17f061989a5962c848b2ccc1c04abd06ddfe3d47b57db,True
original/results/figures/figure2.png,bd310ba5105ca694bbcbdf2df69377646e62c9a803f105167a30a7a627e626e6,bd310ba5105ca694bbcbdf2df69377646e62c9a803f105167a30a7a627e626e6,True
original/results/figures/figure3.png,90862a53000aef5e6d20077b305f5a0d30f8e4e9cecb90c6caa13c58ec0ac129,90862a53000aef5e6d20077b305f5a0d30f8e4e9cecb90c6caa13c58ec0ac129,True
original/results/figures/figure4.png,f6a0ab136fabe7ecf4962c543861e7fb2559c4d6eb120dd7e741f95cc0e658e0,f6a0ab136fabe7ecf4962c543861e7fb2559c4d6eb120dd7e741f95cc0e658e0,True
original/results/figures/figure5.png,e768c3c10fba06cd8a60d72520263166de4bc7c535d66aa47ae8436588212fd6,e768c3c10fba06cd8a60d72520263166de4bc7c535d66aa47ae8436588212fd6,True
original/results/figures/figure6.png,53d7b0c233c51bab6057daeb45fa471cc716b881c0940a9169b723751e516c55,53d7b0c233c51bab6057daeb45fa471cc716b881c0940a9169b723751e516c55,True
original/results/figures/figurec1.png,5f873eb0b6a34491cb2e8934924e3c8bc865b7e5258df664459b18b76b86d098,5f873eb0b6a34491cb2e8934924e3c8bc865b7e5258df664459b18b76b86d098,True
original/results/figures/figured1.png,5418a0771d373fdc7b5fccfc329cfd232d47ec915b39db6bb15c08768e915307,5418a0771d373fdc7b5fccfc329cfd232d47ec915b39db6bb15c08768e915307,True
original/results/figures/figured2.png,3cb2c97d9d73eb90b653a9a84d8c9a5a6d8f6e068d3e698dab5f922be89f5cc4,3cb2c97d9d73eb90b653a9a84d8c9a5a6d8f6e068d3e698dab5f922be89f5cc4,True
original/results/figures/figured3.png,4d366ea30334d1fb31b90297ab938409a646af314a6ca48def34dbb91fdb92a5,4d366ea30334d1fb31b90297ab938409a646af314a6ca48def34dbb91fdb92a5,True
original/results/figures/figureg1.png,36e6552b35a61e8b08ba74ed7bbc7f32022a36ab2e4c9c0e7fdf48c402bab7be,36e6552b35a61e8b08ba74ed7bbc7f32022a36ab2e4c9c0e7fdf48c402bab7be,True
original/results/figures/figureh1.png,d538fea7183619f931075a11750831a75e4d32b66fb5ecf8c4cf2eaf57022cb6,d538fea7183619f931075a11750831a75e4d32b66fb5ecf8c4cf2eaf57022cb6,True
original/results/figures/figureh2.png,e10c78f2174d041052fbf291fbe31ceaf053afd4e3c89870d6860c7bb2a5a720,e10c78f2174d041052fbf291fbe31ceaf053afd4e3c89870d6860c7bb2a5a720,True
original/code/pwtest-package/.Rproj.user/63230FF1/pcs/files-pane.pper,41b6fc69647bb761a44ca3299969ee0228d78ee6e61a8a9db9eac13abe98928d,41b6fc69647bb761a44ca3299969ee0228d78ee6e61a8a9db9eac13abe98928d,True
original/code/pwtest-package/.git/hooks/fsmonitor-watchman.sample,e0549964e93897b519bd8e333c037e51fff0f88ba13e086a331592bf801fa1d0,e0549964e93897b519bd8e333c037e51fff0f88ba13e086a331592bf801fa1d0,True
original/code/pwtest-package/.gitignore,d2914e17da1bfd636708cded7d2435ea433097f689a4de57a9c1e9b23edebf83,d2914e17da1bfd636708cded7d2435ea433097f689a4de57a9c1e9b23edebf83,True
original/documentation/irb-approvals/harvard-approval.pdf,c122d46624bea6f9b965e2d3d44887250bb6db01439c7d851ca69404bca55f04,c122d46624bea6f9b965e2d3d44887250bb6db01439c7d851ca69404bca55f04,True
original/code/pwtest-package/.git/HEAD,28d25bf82af4c0e2b72f50959b2beb859e3e60b9630a5e8c603dad4ddb2b6e80,28d25bf82af4c0e2b72f50959b2beb859e3e60b9630a5e8c603dad4ddb2b6e80,True
original/code/pwtest-package/.git/refs/remotes/origin/HEAD,2bb6a24aa0fc6c484100f5d51a29bbad841cd2c755f5d93faa204e5dbb4eb2b4,2bb6a24aa0fc6c484100f5d51a29bbad841cd2c755f5d93faa204e5dbb4eb2b4,True
original/code/pwtest-package/.git/logs/HEAD,3134c05de43f0ac97e8f878fa30bb3e5d329d2bfe715207befa7ac199dbd97f9,3134c05de43f0ac97e8f878fa30bb3e5d329d2bfe715207befa7ac199dbd97f9,True
original/code/pwtest-package/.git/logs/refs/remotes/origin/HEAD,b315d408f504675daf1f0fa5802b6ad0d07eb8550c5ffe797c0713410437496b,b315d408f504675daf1f0fa5802b6ad0d07eb8550c5ffe797c0713410437496b,True
original/code/pwtest-package/R/helpers.R,f39fc3eded8b1d13d30fa94c3f1e14e8f8d569b16a50c353be7ebe6f7fd938e3,f39fc3eded8b1d13d30fa94c3f1e14e8f8d569b16a50c353be7ebe6f7fd938e3,True
original/code/helpers.R,fa4f409a6d3f336f9ab6d7a8e10682e3ffe9285a11d387defdf52fedf89c50ee,fa4f409a6d3f336f9ab6d7a8e10682e3ffe9285a11d387defdf52fedf89c50ee,True
original/code/pwtest-package/.git/index,91cc6be241a12e404e3e2839b2cfa26000d7156140809e5ca5e8d53c56a5374e,91cc6be241a12e404e3e2839b2cfa26000d7156140809e5ca5e8d53c56a5374e,True
original/code/pwtest-package/LICENSE,139ec16a60f9b43e40240e3b188bf9d8c244d0dcc68e4de67fdd941d3b6392d2,139ec16a60f9b43e40240e3b188bf9d8c244d0dcc68e4de67fdd941d3b6392d2,True
original/code/pwtest-package/LICENSE.md,c8b0fd007f9875679eae5e14a9d0cee662c84ff93472b6c3cf11883d77974d53,c8b0fd007f9875679eae5e14a9d0cee662c84ff93472b6c3cf11883d77974d53,True
original/code/pwtest-package/.git/logs/refs/heads/main,3134c05de43f0ac97e8f878fa30bb3e5d329d2bfe715207befa7ac199dbd97f9,3134c05de43f0ac97e8f878fa30bb3e5d329d2bfe715207befa7ac199dbd97f9,True
original/code/pwtest-package/.git/refs/heads/main,67b77a9ad4d15cd2998b73d1f3d36a2560b27e0634236978b1dddf8969b4060a,67b77a9ad4d15cd2998b73d1f3d36a2560b27e0634236978b1dddf8969b4060a,True
original/code/main.R,3b63d0d061290adef39af3466c5948b286e0f264ac447701884d5c0f47121664,3b63d0d061290adef39af3466c5948b286e0f264ac447701884d5c0f47121664,True
original/code/master.R,555be2307dae8e1bf6cd3018dd8404206faaf281cfb4180a3f977876dd4f7b47,555be2307dae8e1bf6cd3018dd8404206faaf281cfb4180a3f977876dd4f7b47,True
original/code/pwtest-package/NAMESPACE,d179d11cb0b23f00d8ac89fd3fe045a740f93d774c9944adea7e993d69ddd883,d179d11cb0b23f00d8ac89fd3fe045a740f93d774c9944adea7e993d69ddd883,True
original/code/pwtest-package/.git/objects/pack/pack-63b0cd430e7f7597b933df04a4405f762b50f870.idx,f00ea884bd9ca230df0ec11cc07b3533e1d7c2433610fc21d8b3b73e7a98d890,f00ea884bd9ca230df0ec11cc07b3533e1d7c2433610fc21d8b3b73e7a98d890,True
original/code/pwtest-package/.git/objects/pack/pack-63b0cd430e7f7597b933df04a4405f762b50f870.pack,ddc382e1d73f24e325f1659062ee8a5c7cd4f3a12ca1b9dd15fe379e4752ce3e,ddc382e1d73f24e325f1659062ee8a5c7cd4f3a12ca1b9dd15fe379e4752ce3e,True
original/code/pwtest-package/.git/objects/pack/pack-63b0cd430e7f7597b933df04a4405f762b50f870.rev,b67d4b7445bba0457414a3d5b587a2ad7d11bf75d6d69167a7dd68080c081553,b67d4b7445bba0457414a3d5b587a2ad7d11bf75d6d69167a7dd68080c081553,True
original/code/pwtest-package/.git/packed-refs,2d3ffa5938e3f3312c904294bea2d3a4c5131b7aae921f44621f77b069a6f63c,2d3ffa5938e3f3312c904294bea2d3a4c5131b7aae921f44621f77b069a6f63c,True
original/code/pwtest-package/.Rproj.user/shared/notebooks/patch-chunk-names,e3b0c44298fc1c149afbf4c8996fb92427ae41e4649b934ca495991b7852b855,e3b0c44298fc1c149afbf4c8996fb92427ae41e4649b934ca495991b7852b855,True
original/code/pwtest-package/.Rproj.user/63230FF1/persistent-state,de9e98d1494fca45327b350606987de5288a3f27af08630969dee89e968057f4,de9e98d1494fca45327b350606987de5288a3f27af08630969dee89e968057f4,True
original/code/pwtest-package/.git/hooks/post-update.sample,81765af2daef323061dcbc5e61fc16481cb74b3bac9ad8a174b186523586f6c5,81765af2daef323061dcbc5e61fc16481cb74b3bac9ad8a174b186523586f6c5,True
original/code/pwtest-package/.git/hooks/pre-applypatch.sample,e15c5b469ea3e0a695bea6f2c82bcf8e62821074939ddd85b77e0007ff165475,e15c5b469ea3e0a695bea6f2c82bcf8e62821074939ddd85b77e0007ff165475,True
original/code/pwtest-package/.git/hooks/pre-commit.sample,57185b7b9f05239d7ab52db045f5b89eb31348d7b2177eab214f5eb872e1971b,57185b7b9f05239d7ab52db045f5b89eb31348d7b2177eab214f5eb872e1971b,True
original/code/pwtest-package/.git/hooks/pre-merge-commit.sample,d3825a70337940ebbd0a5c072984e13245920cdf8898bd225c8d27a6dfc9cb53,d3825a70337940ebbd0a5c072984e13245920cdf8898bd225c8d27a6dfc9cb53,True
original/code/pwtest-package/.git/hooks/prepare-commit-msg.sample,e9ddcaa4189fddd25ed97fc8c789eca7b6ca16390b2392ae3276f0c8e1aa4619,e9ddcaa4189fddd25ed97fc8c789eca7b6ca16390b2392ae3276f0c8e1aa4619,True
original/code/pwtest-package/.git/hooks/pre-push.sample,ecce9c7e04d3f5dd9d8ada81753dd1d549a9634b26770042b58dda00217d086a,ecce9c7e04d3f5dd9d8ada81753dd1d549a9634b26770042b58dda00217d086a,True
original/code/pwtest-package/.git/hooks/pre-rebase.sample,4febce867790052338076f4e66cc47efb14879d18097d1d61c8261859eaaa7b3,4febce867790052338076f4e66cc47efb14879d18097d1d61c8261859eaaa7b3,True
original/code/pwtest-package/.git/hooks/pre-receive.sample,a4c3d2b9c7bb3fd8d1441c31bd4ee71a595d66b44fcf49ddb310252320169989,a4c3d2b9c7bb3fd8d1441c31bd4ee71a595d66b44fcf49ddb310252320169989,True
original/code/pwtest-package/.git/hooks/push-to-checkout.sample,a53d0741798b287c6dd7afa64aee473f305e65d3f49463bb9d7408ec3b12bf5f,a53d0741798b287c6dd7afa64aee473f305e65d3f49463bb9d7408ec3b12bf5f,True
original/code/pwtest-package/man/pw_delta.Rd,096e85fb095161feb84e5647991f799c37c92bd344abbbb3635af53357ba0b6a,096e85fb095161feb84e5647991f799c37c92bd344abbbb3635af53357ba0b6a,True
original/code/pwtest-package/man/pw_delta_rdd.Rd,c391160755333bdce17338f44448260cd957a151bdf8b0e4e19ade5c8b7beb11,c391160755333bdce17338f44448260cd957a151bdf8b0e4e19ade5c8b7beb11,True
original/code/pwtest-package/man/pw.Rd,a7df2a0128847f20bc5192c19146da8fe1f372d734001a1f423d5e64dcdc4d38,a7df2a0128847f20bc5192c19146da8fe1f372d734001a1f423d5e64dcdc4d38,True
original/code/pwtest-package/R/pwtest.R,8f48b70b87260e680f2f89482fee65be322b5195cf4036cf8c677e433a055f7e,8f48b70b87260e680f2f89482fee65be322b5195cf4036cf8c677e433a055f7e,True
original/code/pwtest-package/man/pwtest.Rd,df12467b496cb9e3efe5537c735b85d16b5b44a5b54b8753df192aaed1c48e34,df12467b496cb9e3efe5537c735b85d16b5b44a5b54b8753df192aaed1c48e34,True
original/code/pwtest-package/pwtest.Rproj,688a964bf744a64400466c4e951c472bc0a778be826592f662db7c7af9555009,688a964bf744a64400466c4e951c472bc0a778be826592f662db7c7af9555009,True
original/code/pwtest-package/.Rbuildignore,dae5d3e254dfdf346a1ec5a5bc6dbc9857851b5b6be606654506bc053e6a1c4d,dae5d3e254dfdf346a1ec5a5bc6dbc9857851b5b6be606654506bc053e6a1c4d,True
original/README.rtf,8fe99df20913056cf92fbbca4a68a5d0f52801f9ccb88f0884dc77f7f3c4413f,8fe99df20913056cf92fbbca4a68a5d0f52801f9ccb88f0884dc77f7f3c4413f,True
original/data/analysis/resignation_admin.csv,824cece913ce4023137378a683e601d49ac96a4c73c34db2a6ef8a4c85511871,824cece913ce4023137378a683e601d49ac96a4c73c34db2a6ef8a4c85511871,True
original/code/pwtest-package/.Rhistory,e3b0c44298fc1c149afbf4c8996fb92427ae41e4649b934ca495991b7852b855,e3b0c44298fc1c149afbf4c8996fb92427ae41e4649b934ca495991b7852b855,True
original/code/pwtest-package/.Rproj.user/63230FF1/rmd-outputs,7c370d9536d7d0d6a0f7cd7f9826692acd93e4fb05ba46f7b630b879740343d3,7c370d9536d7d0d6a0f7cd7f9826692acd93e4fb05ba46f7b630b879740343d3,True
original/code/pwtest-package/.Rproj.user/63230FF1/saved_source_markers,943cf5311c54c71f50cdf4d28d072c70ec8785a4b2b73bcc2000e6f1cf1dfc31,943cf5311c54c71f50cdf4d28d072c70ec8785a4b2b73bcc2000e6f1cf1dfc31,True
original/code/pwtest-package/.git/hooks/sendemail-validate.sample,44ebfc923dc5466bc009602f0ecf067b9c65459abfe8868ddc49b78e6ced7a92,44ebfc923dc5466bc009602f0ecf067b9c65459abfe8868ddc49b78e6ced7a92,True
original/code/pwtest-package/.Rproj.user/63230FF1/pcs/source-pane.pper,d3a99880b45660498bf535569917d35e828a53122b48d4bb9d197a21c2cad4c9,d3a99880b45660498bf535569917d35e828a53122b48d4bb9d197a21c2cad4c9,True
original/data/analysis/survey_experiment_clean.csv,1153602f5f020f778bed6affe5a98193ee474d66a25569c15a92dc653e9d1a62,1153602f5f020f778bed6affe5a98193ee474d66a25569c15a92dc653e9d1a62,True
original/documentation/instruments/survey-experiment-survey.docx,a64d49b506a35224868feef65a0b0c727cac8ff6fd210a5996a6a90690dcd80c,a64d49b506a35224868feef65a0b0c727cac8ff6fd210a5996a6a90690dcd80c,True
original/data/raw/survey_experiment.csv,35e1d94cc1e5dea02936a52a2b12f08db2ccd9df3840feceeb21030dd30f7561,35e1d94cc1e5dea02936a52a2b12f08db2ccd9df3840feceeb21030dd30f7561,True
original/results/tables/tableb1.tex,4360e7453bc081af7cdc6764e4b9c1ed02aeafcac387e168d86f44ba738dad2b,4360e7453bc081af7cdc6764e4b9c1ed02aeafcac387e168d86f44ba738dad2b,True
original/results/tables/tableb2.tex,fb799056c33614126264b75a1e95d91789885e7e4b75c7ec0e302154f31c939c,fb799056c33614126264b75a1e95d91789885e7e4b75c7ec0e302154f31c939c,True
original/results/tables/tablec1.tex,c6f65fa2e2047759fc0235e5ec3d7812a16c8e94c106989f5a0dd43de32536f9,c6f65fa2e2047759fc0235e5ec3d7812a16c8e94c106989f5a0dd43de32536f9,True
original/results/tables/tablec2.tex,d3b0238297cf2fef1c3fe3805013dd907114d34c0098b3f9e07363a24086c978,d3b0238297cf2fef1c3fe3805013dd907114d34c0098b3f9e07363a24086c978,True
original/results/tables/tablec3.tex,a1d4ebcb20fff4562f5c56b7f8a2cb115d8a032031b4be8416ebba35c4d90634,a1d4ebcb20fff4562f5c56b7f8a2cb115d8a032031b4be8416ebba35c4d90634,True
original/results/tables/tablec4.tex,04c4f163c4ae17f6131f33cb14c12000a26bd8949652caae9241f0b78e811a39,04c4f163c4ae17f6131f33cb14c12000a26bd8949652caae9241f0b78e811a39,True
original/results/tables/tablec5.tex,a582a11d5114b2376bd3bcc9538c1d2426bd6b1e6d1ee147be1718a3bb6917de,a582a11d5114b2376bd3bcc9538c1d2426bd6b1e6d1ee147be1718a3bb6917de,True
original/results/tables/tabled10.tex,c8278bf629b53ca9a2d59615909bd5be67c4a878d468458bc24f9a46907a4073,c8278bf629b53ca9a2d59615909bd5be67c4a878d468458bc24f9a46907a4073,True
original/results/tables/tabled11.tex,58d36472c6dc8f6bc013036f02c5f0fbf0f7b5ff41b26beeee6aefd2034ecb4e,58d36472c6dc8f6bc013036f02c5f0fbf0f7b5ff41b26beeee6aefd2034ecb4e,True
original/results/tables/tabled12.tex,5a93bc846d862b109b521500d3b72bb3aacc6203173b3fb551350ae8da0ded5b,5a93bc846d862b109b521500d3b72bb3aacc6203173b3fb551350ae8da0ded5b,True
original/results/tables/tabled13.tex,3cb81a76a4fe6ca6aca9f9ce51c64500421703ec7f11cf9a2ba585e3b95e4317,3cb81a76a4fe6ca6aca9f9ce51c64500421703ec7f11cf9a2ba585e3b95e4317,True
original/results/tables/tabled14.tex,06b2d813a71f32cceb56e624c4154dcef5e26964364b7aafedd07ff182be6fee,06b2d813a71f32cceb56e624c4154dcef5e26964364b7aafedd07ff182be6fee,True
original/results/tables/tabled15.tex,8066b787581bd47b7d9da972ca640c4714ebc229bd9a2ddf58e11879a6d25e4f,8066b787581bd47b7d9da972ca640c4714ebc229bd9a2ddf58e11879a6d25e4f,True
original/results/tables/tabled16.tex,ccc59d9871efe24080b9e8f8b44e019d039d1746e70ff13458e1d9438d522895,ccc59d9871efe24080b9e8f8b44e019d039d1746e70ff13458e1d9438d522895,True
original/results/tables/tabled18.tex,a63729791a6cabc98aa48950695e4fb30b5f71c52fcca7dc548bd3d67754e494,a63729791a6cabc98aa48950695e4fb30b5f71c52fcca7dc548bd3d67754e494,True
original/results/tables/tabled19.tex,a7499407d96967945d54aec1af08e4d2d84cd5dc91757ddbf5f3cd45a422ca74,a7499407d96967945d54aec1af08e4d2d84cd5dc91757ddbf5f3cd45a422ca74,True
original/results/tables/tabled1.tex,6e0379c093bbc8230fb70f594fa5f42fca32fa00b571d7bb128fcbd02ecc4672,6e0379c093bbc8230fb70f594fa5f42fca32fa00b571d7bb128fcbd02ecc4672,True
original/results/tables/tabled2.tex,57087045478ccd72fa3f199da376156a27b533f10835ab170c0d1759907b52ec,57087045478ccd72fa3f199da376156a27b533f10835ab170c0d1759907b52ec,True
original/results/tables/tabled3.tex,9faf636991f70c03016782abbfc2c17b8efcffb1c71a1e3eb9e94637081caa4e,9faf636991f70c03016782abbfc2c17b8efcffb1c71a1e3eb9e94637081caa4e,True
original/results/tables/tabled4.tex,e41ae42d8b2709d3fbef568f0fc0c6a5693cdd11a59170bc72487fa52318e20c,e41ae42d8b2709d3fbef568f0fc0c6a5693cdd11a59170bc72487fa52318e20c,True
original/results/tables/tabled5.tex,f60553c6c73c8c230ef8889d684f14bbce01d99fca1f43753fb240b3e9e81847,f60553c6c73c8c230ef8889d684f14bbce01d99fca1f43753fb240b3e9e81847,True
original/results/tables/tabled6.tex,5908a47351f61a81468957f627cce4c437f3cf2610f22ed820819dc8ffe20e5c,5908a47351f61a81468957f627cce4c437f3cf2610f22ed820819dc8ffe20e5c,True
original/results/tables/tabled7.tex,f721caa3aa473d72432b823c5e61e56b0668be4bd5e97a206e3589165e4a422e,f721caa3aa473d72432b823c5e61e56b0668be4bd5e97a206e3589165e4a422e,True
original/results/tables/tabled8.tex,45a3f01bb36d2474fc9a37518ed94dc7f3445fa812e479749d20e5037647ae39,45a3f01bb36d2474fc9a37518ed94dc7f3445fa812e479749d20e5037647ae39,True
original/results/tables/tabled9.tex,0fbdbe50dadf968cecac74dd101635b47413a96011d2d70ad05a5f7bc8c33211,0fbdbe50dadf968cecac74dd101635b47413a96011d2d70ad05a5f7bc8c33211,True
original/results/tables/tablef2.tex,e3401f12eaa0bbe84ced4fa7318de0ceeb8292ad460b8afa335001dde9ef8d56,e3401f12eaa0bbe84ced4fa7318de0ceeb8292ad460b8afa335001dde9ef8d56,True
original/results/tables/tablef3.tex,cbea56e814a858e6f4f390a077e5ba74b5d5360fbbd95b6a23ec45030d311e43,cbea56e814a858e6f4f390a077e5ba74b5d5360fbbd95b6a23ec45030d311e43,True
original/results/tables/tablef4.tex,7b34a00bed4d4781d30d3b67619946d57deaf7c84b7c6c80dbcec9358c0ae10f,7b34a00bed4d4781d30d3b67619946d57deaf7c84b7c6c80dbcec9358c0ae10f,True
original/documentation/irb-approvals/ucb-approval.pdf,31ff02943d2f0f8e66eaa0e1bd04b961ace545caa40150f9d4a26cc6806e4a8a,31ff02943d2f0f8e66eaa0e1bd04b961ace545caa40150f9d4a26cc6806e4a8a,True
original/code/pwtest-package/.git/hooks/update.sample,8d5f2fa83e103cf08b57eaa67521df9194f45cbdbcb37da52ad586097a14d106,8d5f2fa83e103cf08b57eaa67521df9194f45cbdbcb37da52ad586097a14d106,True
original/code/pwtest-package/man/uw_delta.Rd,5d19731b3bfb6f23d23a96650b54290aea15fe0f9eaaee8199ba488234337d95,5d19731b3bfb6f23d23a96650b54290aea15fe0f9eaaee8199ba488234337d95,True
original/code/pwtest-package/.Rproj.user/63230FF1/pcs/windowlayoutstate.pper,208ad2846a251cfe3af683bc1d5518661583ff6bd69e240e4f3cc58a39d586b5,208ad2846a251cfe3af683bc1d5518661583ff6bd69e240e4f3cc58a39d586b5,True
original/code/pwtest-package/.Rproj.user/63230FF1/pcs/workbench-pane.pper,a6fb8ee566bd62d19b4ea95088d3f095d0d41623e427a9629b9bd7e6ea98852f,a6fb8ee566bd62d19b4ea95088d3f095d0d41623e427a9629b9bd7e6ea98852f,True
