"Package","Version","LibPath","Built"
"bayestestR","0.19.0","/Users/soodoku/Documents/GitHub/in-rolls/electoral-reform-heinze/work/authors-library","R 4.6.1; ; 2026-09-16 22:59:59 UTC; unix"
"insight","1.5.4","/Users/soodoku/Documents/GitHub/in-rolls/electoral-reform-heinze/work/authors-library","R 4.6.1; ; 2026-09-06 14:51:26 UTC; unix"
"modelsummary","2.6.0","/Users/soodoku/Documents/GitHub/in-rolls/electoral-reform-heinze/work/authors-library","R 4.6.0; ; 2026-04-26 08:54:57 UTC; unix"
"parameters","0.29.3","/Users/soodoku/Documents/GitHub/in-rolls/electoral-reform-heinze/work/authors-library","R 4.6.1; ; 2026-09-02 17:35:12 UTC; unix"
"performance","0.18.2","/Users/soodoku/Documents/GitHub/in-rolls/electoral-reform-heinze/work/authors-library","R 4.6.1; ; 2026-09-16 23:17:40 UTC; unix"
"pwtest","0.0.0.9000","/Users/soodoku/Documents/GitHub/in-rolls/electoral-reform-heinze/work/authors-library","R 4.6.0; ; 2026-10-02 21:24:09 UTC; unix"
"repr","1.1.7","/Users/soodoku/Documents/GitHub/in-rolls/electoral-reform-heinze/work/authors-library","R 4.6.0; ; 2026-04-26 02:31:20 UTC; unix"
"skimr","2.2.2","/Users/soodoku/Documents/GitHub/in-rolls/electoral-reform-heinze/work/authors-library","R 4.6.0; ; 2026-04-26 15:58:06 UTC; unix"
"tables","0.9.35","/Users/soodoku/Documents/GitHub/in-rolls/electoral-reform-heinze/work/authors-library","R 4.6.0; ; 2026-06-04 19:25:12 UTC; unix"
"tinytable","0.19.0","/Users/soodoku/Documents/GitHub/in-rolls/electoral-reform-heinze/work/authors-library","R 4.6.1; ; 2026-09-16 22:46:29 UTC; unix"
"abind","1.4-8","/Library/Frameworks/R.framework/Versions/4.6/Resources/library","R 4.6.0; ; 2026-04-25 15:40:28 UTC; unix"
"admisc","0.41","/Library/Frameworks/R.framework/Versions/4.6/Resources/library","R 4.6.1; aarch64-apple-darwin23; 2026-08-22 05:07:40 UTC; unix"
"AER","1.2-17","/Library/Frameworks/R.framework/Versions/4.6/Resources/library","R 4.6.1; ; 2026-07-11 20:47:44 UTC; unix"
"anytime","0.3.13","/Library/Frameworks/R.framework/Versions/4.6/Resources/library","R 4.6.0; aarch64-apple-darwin23; 2026-04-25 16:05:26 UTC; unix"
"archive","1.1.14","/Library/Frameworks/R.framework/Versions/4.6/Resources/library","R 4.6.1; aarch64-apple-darwin23; 2026-07-30 13:27:02 UTC; unix"
"archiveRetriever","0.4.1","/Library/Frameworks/R.framework/Versions/4.6/Resources/library","R 4.6.0; ; 2026-04-26 16:11:53 UTC; unix"
"arrow","25.0.0","/Library/Frameworks/R.framework/Versions/4.6/Resources/library","R 4.6.0; aarch64-apple-darwin20; 2026-07-17 05:44:59 UTC; unix"
"AsioHeaders","1.30.2-1","/Library/Frameworks/R.framework/Versions/4.6/Resources/library","R 4.6.0; ; 2026-04-25 16:19:13 UTC; unix"
"askpass","1.2.1","/Library/Frameworks/R.framework/Versions/4.6/Resources/library","R 4.6.0; aarch64-apple-darwin23; 2026-04-25 23:17:34 UTC; unix"
"assertr","3.0.1","/Library/Frameworks/R.framework/Versions/4.6/Resources/library","R 4.6.0; ; 2026-04-26 11:33:36 UTC; unix"
"assertthat","0.2.1","/Library/Frameworks/R.framework/Versions/4.6/Resources/library","R 4.6.0; ; 2026-07-28 21:02:52 UTC; unix"
"backports","1.5.1","/Library/Frameworks/R.framework/Versions/4.6/Resources/library","R 4.6.0; aarch64-apple-darwin23; 2026-04-25 15:41:25 UTC; unix"
"base","4.6.0","/Library/Frameworks/R.framework/Versions/4.6/Resources/library","R 4.6.0; ; 2026-04-25 08:58:37 UTC; unix"
"base64enc","0.1-6","/Library/Frameworks/R.framework/Versions/4.6/Resources/library","R 4.6.0; aarch64-apple-darwin23; 2026-04-25 15:38:42 UTC; unix"
"bbotk","1.12.0","/Library/Frameworks/R.framework/Versions/4.6/Resources/library","R 4.6.1; aarch64-apple-darwin23; 2026-07-17 17:08:50 UTC; unix"
"bde","1.0.1.1","/Library/Frameworks/R.framework/Versions/4.6/Resources/library","R 4.6.0; ; 2026-04-26 11:45:42 UTC; unix"
"bdsmatrix","1.3-7","/Library/Frameworks/R.framework/Versions/4.6/Resources/library","R 4.6.0; aarch64-apple-darwin23; 2026-04-25 16:10:41 UTC; unix"
"bench","1.1.4","/Library/Frameworks/R.framework/Versions/4.6/Resources/library","R 4.6.0; aarch64-apple-darwin23; 2026-04-26 05:43:42 UTC; unix"
"betareg","3.2-5","/Library/Frameworks/R.framework/Versions/4.6/Resources/library","R 4.6.1; aarch64-apple-darwin23; 2026-07-12 15:00:28 UTC; unix"
"BH","1.90.0-1","/Library/Frameworks/R.framework/Versions/4.6/Resources/library","R 4.6.0; ; 2026-04-25 15:48:04 UTC; unix"
"bigD","0.3.1","/Library/Frameworks/R.framework/Versions/4.6/Resources/library","R 4.6.0; ; 2026-04-25 15:59:07 UTC; unix"
"bit","4.6.0","/Library/Frameworks/R.framework/Versions/4.6/Resources/library","R 4.6.0; aarch64-apple-darwin23; 2026-04-25 15:45:18 UTC; unix"
"bit64","4.8.6","/Library/Frameworks/R.framework/Versions/4.6/Resources/library","R 4.6.1; aarch64-apple-darwin23; 2026-09-01 12:40:57 UTC; unix"
"bitops","1.1-0","/Library/Frameworks/R.framework/Versions/4.6/Resources/library","R 4.6.1; aarch64-apple-darwin23; 2026-07-30 18:09:30 UTC; unix"
"blob","1.3.0","/Library/Frameworks/R.framework/Versions/4.6/Resources/library","R 4.6.0; ; 2026-04-25 23:18:16 UTC; unix"
"bloomjoin","1.0.0","/Library/Frameworks/R.framework/Versions/4.6/Resources/library","R 4.6.0; aarch64-apple-darwin23; 2026-08-20 03:57:25 UTC; unix"
"boot","1.3-32","/Library/Frameworks/R.framework/Versions/4.6/Resources/library","R 4.6.0; ; 2026-04-25 08:59:26 UTC; unix"
"brew","1.0-10","/Library/Frameworks/R.framework/Versions/4.6/Resources/library","R 4.6.0; ; 2026-04-25 15:48:21 UTC; unix"
"brio","1.1.5","/Library/Frameworks/R.framework/Versions/4.6/Resources/library","R 4.6.0; aarch64-apple-darwin23; 2026-04-25 15:54:00 UTC; unix"
"broom","1.0.13","/Library/Frameworks/R.framework/Versions/4.6/Resources/library","R 4.6.0; ; 2026-05-14 05:30:47 UTC; unix"
"broom.mixed","0.2.9.7","/Library/Frameworks/R.framework/Versions/4.6/Resources/library","R 4.6.0; ; 2026-04-25 13:33:48 UTC; unix"
"bslib","0.12.0","/Library/Frameworks/R.framework/Versions/4.6/Resources/library","R 4.6.1; ; 2026-08-04 04:11:06 UTC; unix"
"cachem","1.1.0","/Library/Frameworks/R.framework/Versions/4.6/Resources/library","R 4.6.0; aarch64-apple-darwin23; 2026-04-25 23:13:45 UTC; unix"
"callr","3.8.0","/Library/Frameworks/R.framework/Versions/4.6/Resources/library","R 4.6.0; ; 2026-06-05 15:30:17 UTC; unix"
"car","3.1-5","/Library/Frameworks/R.framework/Versions/4.6/Resources/library","R 4.6.0; ; 2026-04-25 14:03:03 UTC; unix"
"carData","3.0-6","/Library/Frameworks/R.framework/Versions/4.6/Resources/library","R 4.6.0; ; 2026-04-25 15:41:28 UTC; unix"
"cellranger","1.1.0","/Library/Frameworks/R.framework/Versions/4.6/Resources/library","R 4.6.0; ; 2026-04-26 05:17:23 UTC; unix"
"cffr","1.4.1","/Library/Frameworks/R.framework/Versions/4.6/Resources/library","R 4.6.0; ; 2026-06-17 20:03:01 UTC; unix"
"checkmate","2.3.4","/Library/Frameworks/R.framework/Versions/4.6/Resources/library","R 4.6.0; aarch64-apple-darwin23; 2026-04-25 15:45:36 UTC; unix"
"chk","0.10.0","/Library/Frameworks/R.framework/Versions/4.6/Resources/library","R 4.6.0; ; 2026-04-25 23:15:52 UTC; unix"
"cir","2.5.1","/Library/Frameworks/R.framework/Versions/4.6/Resources/library","R 4.6.0; ; 2026-04-25 17:35:18 UTC; unix"
"cjoint","2.1.3","/Library/Frameworks/R.framework/Versions/4.6/Resources/library","R 4.6.0; ; 2026-08-02 07:17:39 UTC; unix"
"class","7.3-23","/Library/Frameworks/R.framework/Versions/4.6/Resources/library","R 4.6.0; aarch64-apple-darwin23; 2026-04-25 15:46:46 UTC; unix"
"classInt","0.4-11","/Library/Frameworks/R.framework/Versions/4.6/Resources/library","R 4.6.0; aarch64-apple-darwin23; 2026-04-26 02:21:24 UTC; unix"
"cli","3.6.6","/Library/Frameworks/R.framework/Versions/4.6/Resources/library","R 4.6.0; aarch64-apple-darwin23; 2026-04-25 15:39:10 UTC; unix"
"clipr","0.8.1","/Library/Frameworks/R.framework/Versions/4.6/Resources/library","R 4.6.0; ; 2026-05-25 08:30:02 UTC; unix"
"clubSandwich","0.7.0","/Library/Frameworks/R.framework/Versions/4.6/Resources/library","R 4.6.0; ; 2026-05-04 08:07:19 UTC; unix"
"cluster","2.1.8.2","/Library/Frameworks/R.framework/Versions/4.6/Resources/library","R 4.6.0; aarch64-apple-darwin23; 2026-04-25 08:58:54 UTC; unix"
"clusterGeneration","1.3.8","/Library/Frameworks/R.framework/Versions/4.6/Resources/library","R 4.6.0; ; 2026-04-25 16:05:42 UTC; unix"
"coda","0.19-4.1","/Library/Frameworks/R.framework/Versions/4.6/Resources/library","R 4.6.0; ; 2026-04-25 15:46:41 UTC; unix"
"codetools","0.2-20","/Library/Frameworks/R.framework/Versions/4.6/Resources/library","R 4.6.0; ; 2026-04-25 08:58:51 UTC; unix"
"collapse","2.1.7","/Library/Frameworks/R.framework/Versions/4.6/Resources/library","R 4.6.0; aarch64-apple-darwin23; 2026-05-19 05:42:52 UTC; unix"
"colorspace","2.1-3","/Library/Frameworks/R.framework/Versions/4.6/Resources/library","R 4.6.1; aarch64-apple-darwin23; 2026-07-12 10:21:47 UTC; unix"
"colourpicker","1.3.0","/Library/Frameworks/R.framework/Versions/4.6/Resources/library","R 4.6.0; ; 2026-04-26 15:51:12 UTC; unix"
"commonmark","2.0.0","/Library/Frameworks/R.framework/Versions/4.6/Resources/library","R 4.6.0; aarch64-apple-darwin23; 2026-04-25 09:27:57 UTC; unix"
"compiler","4.6.0","/Library/Frameworks/R.framework/Versions/4.6/Resources/library","R 4.6.0; ; 2026-04-25 08:58:01 UTC; unix"
"config","0.3.2","/Library/Frameworks/R.framework/Versions/4.6/Resources/library","R 4.6.0; ; 2026-04-25 15:49:14 UTC; unix"
"conflicted","1.2.0","/Library/Frameworks/R.framework/Versions/4.6/Resources/library","R 4.6.0; ; 2026-04-26 02:30:17 UTC; unix"
"corpcor","1.6.10","/Library/Frameworks/R.framework/Versions/4.6/Resources/library","R 4.6.0; ; 2026-04-25 15:44:14 UTC; unix"
"covr","3.6.5","/Library/Frameworks/R.framework/Versions/4.6/Resources/library","R 4.6.0; aarch64-apple-darwin23; 2026-04-26 05:42:40 UTC; unix"
"cowplot","1.2.0","/Library/Frameworks/R.framework/Versions/4.6/Resources/library","R 4.6.0; ; 2026-04-26 11:08:33 UTC; unix"
"cpp11","0.5.5","/Library/Frameworks/R.framework/Versions/4.6/Resources/library","R 4.6.0; ; 2026-05-06 16:42:29 UTC; unix"
"crayon","1.5.3","/Library/Frameworks/R.framework/Versions/4.6/Resources/library","R 4.6.0; ; 2026-04-25 15:44:21 UTC; unix"
"credentials","2.0.3","/Library/Frameworks/R.framework/Versions/4.6/Resources/library","R 4.6.0; ; 2026-04-26 05:16:31 UTC; unix"
"crosstalk","1.2.2","/Library/Frameworks/R.framework/Versions/4.6/Resources/library","R 4.6.0; ; 2026-04-26 02:18:27 UTC; unix"
"curl","7.1.0","/Library/Frameworks/R.framework/Versions/4.6/Resources/library","R 4.6.0; aarch64-apple-darwin23; 2026-04-25 09:29:32 UTC; unix"
"dann","1.0.3","/Library/Frameworks/R.framework/Versions/4.6/Resources/library","R 4.6.0; aarch64-apple-darwin23; 2026-08-02 19:32:29 UTC; unix"
"data.table","1.18.4","/Library/Frameworks/R.framework/Versions/4.6/Resources/library","R 4.6.0; aarch64-apple-darwin23; 2026-05-06 07:00:46 UTC; unix"
"datasets","4.6.0","/Library/Frameworks/R.framework/Versions/4.6/Resources/library","R 4.6.0; ; 2026-04-25 08:58:28 UTC; unix"
"datawizard","1.3.1","/Library/Frameworks/R.framework/Versions/4.6/Resources/library","R 4.6.0; ; 2026-04-27 00:14:03 UTC; unix"
"DBI","1.3.0","/Library/Frameworks/R.framework/Versions/4.6/Resources/library","R 4.6.0; ; 2026-04-25 15:47:33 UTC; unix"
"dbplyr","2.6.0","/Library/Frameworks/R.framework/Versions/4.6/Resources/library","R 4.6.0; ; 2026-06-18 00:56:28 UTC; unix"
"DeclareDesign","1.1.1","/Library/Frameworks/R.framework/Versions/4.6/Resources/library","R 4.6.0; ; 2026-04-29 18:29:43 UTC; unix"
"DEoptimR","1.2-0","/Library/Frameworks/R.framework/Versions/4.6/Resources/library","R 4.6.0; ; 2026-06-07 22:34:59 UTC; unix"
"Deriv","4.3.0","/Library/Frameworks/R.framework/Versions/4.6/Resources/library","R 4.6.1; aarch64-apple-darwin23; 2026-07-23 07:28:42 UTC; unix"
"desc","1.4.3","/Library/Frameworks/R.framework/Versions/4.6/Resources/library","R 4.6.0; ; 2026-04-25 15:48:08 UTC; unix"
"devtools","2.5.2","/Library/Frameworks/R.framework/Versions/4.6/Resources/library","R 4.6.0; ; 2026-04-30 11:25:33 UTC; unix"
"DiceKriging","1.6.1","/Library/Frameworks/R.framework/Versions/4.6/Resources/library","R 4.6.0; aarch64-apple-darwin23; 2026-04-25 16:12:16 UTC; unix"
"diffobj","0.3.8","/Library/Frameworks/R.framework/Versions/4.6/Resources/library","R 4.6.1; aarch64-apple-darwin23; 2026-07-17 21:40:44 UTC; unix"
"digest","0.6.39","/Library/Frameworks/R.framework/Versions/4.6/Resources/library","R 4.6.0; aarch64-apple-darwin23; 2026-04-25 15:38:59 UTC; unix"
"doBy","4.7.2","/Library/Frameworks/R.framework/Versions/4.6/Resources/library","R 4.6.1; ; 2026-07-01 12:35:32 UTC; unix"
"doFuture","1.2.2","/Library/Frameworks/R.framework/Versions/4.6/Resources/library","R 4.6.0; ; 2026-05-22 12:03:12 UTC; unix"
"doParallel","1.0.17","/Library/Frameworks/R.framework/Versions/4.6/Resources/library","R 4.6.0; ; 2026-04-26 02:20:25 UTC; unix"
"doRNG","1.8.6.3","/Library/Frameworks/R.framework/Versions/4.6/Resources/library","R 4.6.0; ; 2026-04-25 23:25:22 UTC; unix"
"DoubleML","1.0.2","/Library/Frameworks/R.framework/Versions/4.6/Resources/library","R 4.6.0; ; 2026-04-26 12:46:30 UTC; unix"
"downlit","0.4.5","/Library/Frameworks/R.framework/Versions/4.6/Resources/library","R 4.6.0; ; 2026-04-26 02:24:43 UTC; unix"
"dplyr","1.2.1","/Library/Frameworks/R.framework/Versions/4.6/Resources/library","R 4.6.0; aarch64-apple-darwin23; 2026-04-26 11:09:07 UTC; unix"
"dqrng","0.4.1","/Library/Frameworks/R.framework/Versions/4.6/Resources/library","R 4.6.0; aarch64-apple-darwin23; 2026-04-25 23:38:35 UTC; unix"
"dreamerr","1.5.0","/Library/Frameworks/R.framework/Versions/4.6/Resources/library","R 4.6.0; ; 2026-04-26 00:07:47 UTC; unix"
"DT","0.34.0","/Library/Frameworks/R.framework/Versions/4.6/Resources/library","R 4.6.0; ; 2026-04-25 12:39:06 UTC; unix"
"dtplyr","1.3.3","/Library/Frameworks/R.framework/Versions/4.6/Resources/library","R 4.6.0; ; 2026-04-26 11:14:03 UTC; unix"
"e1071","1.7-17","/Library/Frameworks/R.framework/Versions/4.6/Resources/library","R 4.6.0; aarch64-apple-darwin23; 2026-04-25 23:17:21 UTC; unix"
"ebal","0.3-0","/Library/Frameworks/R.framework/Versions/4.6/Resources/library","R 4.6.0; ; 2026-08-02 06:46:50 UTC; unix"
"ellipsis","0.3.3","/Library/Frameworks/R.framework/Versions/4.6/Resources/library","R 4.6.0; ; 2026-04-25 15:58:29 UTC; unix"
"emmeans","2.0.4","/Library/Frameworks/R.framework/Versions/4.6/Resources/library","R 4.6.0; ; 2026-09-10 09:48:24 UTC; unix"
"endorse","1.6.2","/Library/Frameworks/R.framework/Versions/4.6/Resources/library","R 4.6.0; aarch64-apple-darwin23; 2026-04-25 18:37:56 UTC; unix"
"estimability","2.0.0","/Library/Frameworks/R.framework/Versions/4.6/Resources/library","R 4.6.1; ; 2026-06-26 09:59:05 UTC; unix"
"estimatr","1.0.6","/Library/Frameworks/R.framework/Versions/4.6/Resources/library","R 4.6.0; aarch64-apple-darwin23; 2026-04-25 16:12:36 UTC; unix"
"evaluate","1.0.5","/Library/Frameworks/R.framework/Versions/4.6/Resources/library","R 4.6.0; ; 2026-04-25 15:39:47 UTC; unix"
"expm","1.0-1","/Library/Frameworks/R.framework/Versions/4.6/Resources/library","R 4.6.1; aarch64-apple-darwin23; 2026-08-23 09:00:10 UTC; unix"
"fabricatr","1.0.2","/Library/Frameworks/R.framework/Versions/4.6/Resources/library","R 4.6.0; ; 2026-04-29 18:25:33 UTC; unix"
"fansi","1.0.7","/Library/Frameworks/R.framework/Versions/4.6/Resources/library","R 4.6.0; aarch64-apple-darwin23; 2026-04-25 15:58:53 UTC; unix"
"farver","2.1.2","/Library/Frameworks/R.framework/Versions/4.6/Resources/library","R 4.6.0; aarch64-apple-darwin23; 2026-04-25 15:40:10 UTC; unix"
"fastmap","1.2.0","/Library/Frameworks/R.framework/Versions/4.6/Resources/library","R 4.6.0; aarch64-apple-darwin23; 2026-04-25 15:38:44 UTC; unix"
"fect","2.4.5","/Library/Frameworks/R.framework/Versions/4.6/Resources/library","R 4.6.0; aarch64-apple-darwin23; 2026-05-30 18:05:07 UTC; unix"
"fixest","0.14.2","/Library/Frameworks/R.framework/Versions/4.6/Resources/library","R 4.6.1; aarch64-apple-darwin23; 2026-06-26 14:46:43 UTC; unix"
"flexmix","2.3-20","/Library/Frameworks/R.framework/Versions/4.6/Resources/library","R 4.6.0; ; 2026-04-25 16:24:40 UTC; unix"
"fontawesome","0.5.3","/Library/Frameworks/R.framework/Versions/4.6/Resources/library","R 4.6.0; ; 2026-04-26 02:18:26 UTC; unix"
"forcats","1.0.1","/Library/Frameworks/R.framework/Versions/4.6/Resources/library","R 4.6.0; ; 2026-04-26 11:09:08 UTC; unix"
"foreach","1.5.2","/Library/Frameworks/R.framework/Versions/4.6/Resources/library","R 4.6.0; ; 2026-04-25 23:16:42 UTC; unix"
"forecast","9.0.2","/Library/Frameworks/R.framework/Versions/4.6/Resources/library","R 4.6.0; aarch64-apple-darwin23; 2026-04-26 11:10:38 UTC; unix"
"foreign","0.8-91","/Library/Frameworks/R.framework/Versions/4.6/Resources/library","R 4.6.0; aarch64-apple-darwin23; 2026-04-25 08:58:51 UTC; unix"
"Formula","1.2-5","/Library/Frameworks/R.framework/Versions/4.6/Resources/library","R 4.6.0; ; 2026-04-25 15:41:38 UTC; unix"
"formula.tools","1.7.1","/Library/Frameworks/R.framework/Versions/4.6/Resources/library","R 4.6.0; ; 2026-04-25 23:32:15 UTC; unix"
"fracdiff","1.5-4","/Library/Frameworks/R.framework/Versions/4.6/Resources/library","R 4.6.0; aarch64-apple-darwin23; 2026-04-28 06:38:56 UTC; unix"
"fs","2.1.0","/Library/Frameworks/R.framework/Versions/4.6/Resources/library","R 4.6.0; aarch64-apple-darwin23; 2026-04-25 15:39:15 UTC; unix"
"furrr","0.4.0","/Library/Frameworks/R.framework/Versions/4.6/Resources/library","R 4.6.0; ; 2026-04-26 02:25:27 UTC; unix"
"future","1.75.0","/Library/Frameworks/R.framework/Versions/4.6/Resources/library","R 4.6.1; ; 2026-07-20 17:41:12 UTC; unix"
"future.apply","1.20.2","/Library/Frameworks/R.framework/Versions/4.6/Resources/library","R 4.6.0; ; 2026-04-26 05:14:52 UTC; unix"
"fwildclusterboot","0.14.3","/Library/Frameworks/R.framework/Versions/4.6/Resources/library","R 4.6.0; aarch64-apple-darwin23; 2026-08-03 07:50:19 UTC; unix"
"gargle","1.6.1","/Library/Frameworks/R.framework/Versions/4.6/Resources/library","R 4.6.0; ; 2026-04-26 05:25:33 UTC; unix"
"generics","0.1.4","/Library/Frameworks/R.framework/Versions/4.6/Resources/library","R 4.6.0; ; 2026-04-25 15:40:57 UTC; unix"
"gert","2.4.0","/Library/Frameworks/R.framework/Versions/4.6/Resources/library","R 4.6.1; aarch64-apple-darwin23; 2026-07-22 12:08:39 UTC; unix"
"GGally","2.4.0","/Library/Frameworks/R.framework/Versions/4.6/Resources/library","R 4.6.0; ; 2026-04-25 13:33:00 UTC; unix"
"ggExtra","0.11.0","/Library/Frameworks/R.framework/Versions/4.6/Resources/library","R 4.6.0; ; 2026-04-26 16:19:01 UTC; unix"
"ggplot2","4.0.3","/Library/Frameworks/R.framework/Versions/4.6/Resources/library","R 4.6.0; ; 2026-04-26 05:16:05 UTC; unix"
"ggplotify","0.1.3","/Library/Frameworks/R.framework/Versions/4.6/Resources/library","R 4.6.0; ; 2026-04-26 05:34:53 UTC; unix"
"ggrepel","0.9.8","/Library/Frameworks/R.framework/Versions/4.6/Resources/library","R 4.6.0; aarch64-apple-darwin23; 2026-04-26 11:08:07 UTC; unix"
"ggstats","0.13.0","/Library/Frameworks/R.framework/Versions/4.6/Resources/library","R 4.6.0; ; 2026-04-26 15:58:33 UTC; unix"
"gh","1.6.1","/Library/Frameworks/R.framework/Versions/4.6/Resources/library","R 4.6.1; ; 2026-07-20 13:03:39 UTC; unix"
"gitcreds","0.1.2","/Library/Frameworks/R.framework/Versions/4.6/Resources/library","R 4.6.0; ; 2026-04-25 15:49:52 UTC; unix"
"glmnet","5.0","/Library/Frameworks/R.framework/Versions/4.6/Resources/library","R 4.6.0; aarch64-apple-darwin23; 2026-05-04 08:07:05 UTC; unix"
"globals","0.19.1","/Library/Frameworks/R.framework/Versions/4.6/Resources/library","R 4.6.0; ; 2026-04-25 23:14:29 UTC; unix"
"glue","1.8.1","/Library/Frameworks/R.framework/Versions/4.6/Resources/library","R 4.6.0; aarch64-apple-darwin23; 2026-04-25 15:39:32 UTC; unix"
"goji","0.1.2","/Library/Frameworks/R.framework/Versions/4.6/Resources/library","R 4.6.0; ; 2026-07-09 04:29:30 UTC; unix"
"googledrive","2.1.2","/Library/Frameworks/R.framework/Versions/4.6/Resources/library","R 4.6.0; ; 2026-04-26 11:16:52 UTC; unix"
"googlesheets4","1.1.2","/Library/Frameworks/R.framework/Versions/4.6/Resources/library","R 4.6.0; ; 2026-04-26 15:57:49 UTC; unix"
"graphics","4.6.0","/Library/Frameworks/R.framework/Versions/4.6/Resources/library","R 4.6.0; aarch64-apple-darwin23; 2026-04-25 08:58:18 UTC; unix"
"grDevices","4.6.0","/Library/Frameworks/R.framework/Versions/4.6/Resources/library","R 4.6.0; aarch64-apple-darwin23; 2026-04-25 08:58:15 UTC; unix"
"grf","2.6.1","/Library/Frameworks/R.framework/Versions/4.6/Resources/library","R 4.6.0; aarch64-apple-darwin23; 2026-04-25 23:31:15 UTC; unix"
"grid","4.6.0","/Library/Frameworks/R.framework/Versions/4.6/Resources/library","R 4.6.0; aarch64-apple-darwin23; 2026-04-25 08:58:33 UTC; unix"
"gridExtra","2.3.1","/Library/Frameworks/R.framework/Versions/4.6/Resources/library","R 4.6.1; ; 2026-06-25 09:06:55 UTC; unix"
"gridGraphics","0.5-1","/Library/Frameworks/R.framework/Versions/4.6/Resources/library","R 4.6.0; ; 2026-04-25 16:26:28 UTC; unix"
"gsynth","1.4.0","/Library/Frameworks/R.framework/Versions/4.6/Resources/library","R 4.6.0; ; 2026-08-02 07:32:42 UTC; unix"
"gt","1.3.0","/Library/Frameworks/R.framework/Versions/4.6/Resources/library","R 4.6.0; ; 2026-04-26 15:56:16 UTC; unix"
"gtable","0.3.6","/Library/Frameworks/R.framework/Versions/4.6/Resources/library","R 4.6.0; ; 2026-04-26 02:18:41 UTC; unix"
"gtools","3.9.5","/Library/Frameworks/R.framework/Versions/4.6/Resources/library","R 4.6.0; aarch64-apple-darwin23; 2026-04-25 16:00:02 UTC; unix"
"guess","0.8.0","/Library/Frameworks/R.framework/Versions/4.6/Resources/library","R 4.6.0; ; 2026-09-22 19:56:48 UTC; unix"
"haven","2.5.5","/Library/Frameworks/R.framework/Versions/4.6/Resources/library","R 4.6.0; aarch64-apple-darwin23; 2026-04-25 12:39:12 UTC; unix"
"hbal","1.2.15","/Library/Frameworks/R.framework/Versions/4.6/Resources/library","R 4.6.0; aarch64-apple-darwin23; 2026-08-02 07:52:55 UTC; unix"
"here","1.0.2","/Library/Frameworks/R.framework/Versions/4.6/Resources/library","R 4.6.0; ; 2026-04-25 15:50:06 UTC; unix"
"highr","0.12","/Library/Frameworks/R.framework/Versions/4.6/Resources/library","R 4.6.0; ; 2026-04-25 23:14:12 UTC; unix"
"Hmisc","5.2-6","/Library/Frameworks/R.framework/Versions/4.6/Resources/library","R 4.6.0; aarch64-apple-darwin23; 2026-06-19 06:11:43 UTC; unix"
"hms","1.1.4","/Library/Frameworks/R.framework/Versions/4.6/Resources/library","R 4.6.0; ; 2026-04-25 23:15:47 UTC; unix"
"htmlTable","2.5.0","/Library/Frameworks/R.framework/Versions/4.6/Resources/library","R 4.6.0; ; 2026-04-26 15:50:26 UTC; unix"
"htmltools","0.5.9","/Library/Frameworks/R.framework/Versions/4.6/Resources/library","R 4.6.0; aarch64-apple-darwin23; 2026-04-25 23:13:58 UTC; unix"
"htmlwidgets","1.6.4","/Library/Frameworks/R.framework/Versions/4.6/Resources/library","R 4.6.0; ; 2026-04-26 15:49:50 UTC; unix"
"httptest","4.2.3","/Library/Frameworks/R.framework/Versions/4.6/Resources/library","R 4.6.0; ; 2026-04-26 13:28:52 UTC; unix"
"httptest2","1.2.2","/Library/Frameworks/R.framework/Versions/4.6/Resources/library","R 4.6.0; ; 2026-04-26 13:28:59 UTC; unix"
"httpuv","1.6.17","/Library/Frameworks/R.framework/Versions/4.6/Resources/library","R 4.6.0; aarch64-apple-darwin23; 2026-04-26 05:14:15 UTC; unix"
"httr","1.4.8","/Library/Frameworks/R.framework/Versions/4.6/Resources/library","R 4.6.0; ; 2026-04-26 05:16:18 UTC; unix"
"httr2","1.3.0","/Library/Frameworks/R.framework/Versions/4.6/Resources/library","R 4.6.1; ; 2026-07-13 23:43:55 UTC; unix"
"hunspell","3.0.6","/Library/Frameworks/R.framework/Versions/4.6/Resources/library","R 4.6.0; aarch64-apple-darwin23; 2026-04-25 15:56:11 UTC; unix"
"icarus","0.3.3","/Library/Frameworks/R.framework/Versions/4.6/Resources/library","R 4.6.0; ; 2026-04-25 19:36:56 UTC; unix"
"ids","1.0.1","/Library/Frameworks/R.framework/Versions/4.6/Resources/library","R 4.6.0; ; 2026-04-26 02:30:21 UTC; unix"
"ini","0.3.1","/Library/Frameworks/R.framework/Versions/4.6/Resources/library","R 4.6.0; ; 2026-04-25 15:49:47 UTC; unix"
"insight","1.5.2","/Library/Frameworks/R.framework/Versions/4.6/Resources/library","R 4.6.1; ; 2026-06-28 22:24:04 UTC; unix"
"interflex","1.4.0","/Library/Frameworks/R.framework/Versions/4.6/Resources/library","R 4.6.0; ; 2026-08-02 07:35:48 UTC; unix"
"ipaddress","1.0.3","/Library/Frameworks/R.framework/Versions/4.6/Resources/library","R 4.6.0; aarch64-apple-darwin23; 2026-04-26 00:36:23 UTC; unix"
"Iso","0.0-21","/Library/Frameworks/R.framework/Versions/4.6/Resources/library","R 4.6.0; aarch64-apple-darwin23; 2026-04-25 16:06:30 UTC; unix"
"isoband","0.3.0","/Library/Frameworks/R.framework/Versions/4.6/Resources/library","R 4.6.0; aarch64-apple-darwin23; 2026-04-25 23:14:25 UTC; unix"
"isotone","1.1-2","/Library/Frameworks/R.framework/Versions/4.6/Resources/library","R 4.6.0; ; 2026-04-25 17:39:13 UTC; unix"
"iterators","1.0.14","/Library/Frameworks/R.framework/Versions/4.6/Resources/library","R 4.6.0; ; 2026-04-25 15:43:40 UTC; unix"
"ivreg","0.6-8","/Library/Frameworks/R.framework/Versions/4.6/Resources/library","R 4.6.1; ; 2026-07-11 02:24:37 UTC; unix"
"janitor","2.2.1","/Library/Frameworks/R.framework/Versions/4.6/Resources/library","R 4.6.0; ; 2026-09-23 03:44:42 UTC; unix"
"jomo","2.7-6","/Library/Frameworks/R.framework/Versions/4.6/Resources/library","R 4.6.0; aarch64-apple-darwin23; 2026-04-26 05:18:22 UTC; unix"
"jquerylib","0.1.4","/Library/Frameworks/R.framework/Versions/4.6/Resources/library","R 4.6.0; ; 2026-04-26 02:18:12 UTC; unix"
"jsonlite","2.0.0","/Library/Frameworks/R.framework/Versions/4.6/Resources/library","R 4.6.0; aarch64-apple-darwin23; 2026-04-25 15:39:00 UTC; unix"
"jsonvalidate","1.5.0","/Library/Frameworks/R.framework/Versions/4.6/Resources/library","R 4.6.0; ; 2026-04-25 17:03:55 UTC; unix"
"juicyjuice","0.1.0","/Library/Frameworks/R.framework/Versions/4.6/Resources/library","R 4.6.0; ; 2026-04-25 15:59:02 UTC; unix"
"JuliaConnectoR","1.1.5","/Library/Frameworks/R.framework/Versions/4.6/Resources/library","R 4.6.0; ; 2026-04-25 17:43:46 UTC; unix"
"kableExtra","1.4.1","/Library/Frameworks/R.framework/Versions/4.6/Resources/library","R 4.6.1; ; 2026-07-08 10:26:50 UTC; unix"
"kernlab","0.9-33","/Library/Frameworks/R.framework/Versions/4.6/Resources/library","R 4.6.0; aarch64-apple-darwin23; 2026-04-25 15:48:13 UTC; unix"
"KernSmooth","2.23-26","/Library/Frameworks/R.framework/Versions/4.6/Resources/library","R 4.6.0; aarch64-apple-darwin23; 2026-04-25 08:58:51 UTC; unix"
"knitr","1.51","/Library/Frameworks/R.framework/Versions/4.6/Resources/library","R 4.6.0; ; 2026-04-26 02:18:51 UTC; unix"
"KRLS","1.7-1","/Library/Frameworks/R.framework/Versions/4.6/Resources/library","R 4.6.0; ; 2026-08-02 18:53:59 UTC; unix"
"labeling","0.4.3","/Library/Frameworks/R.framework/Versions/4.6/Resources/library","R 4.6.0; ; 2026-04-25 15:40:07 UTC; unix"
"later","1.4.8","/Library/Frameworks/R.framework/Versions/4.6/Resources/library","R 4.6.0; aarch64-apple-darwin23; 2026-04-25 23:14:28 UTC; unix"
"lattice","0.22-9","/Library/Frameworks/R.framework/Versions/4.6/Resources/library","R 4.6.0; aarch64-apple-darwin23; 2026-04-25 08:58:51 UTC; unix"
"lazyeval","0.2.3","/Library/Frameworks/R.framework/Versions/4.6/Resources/library","R 4.6.0; aarch64-apple-darwin23; 2026-04-25 23:14:07 UTC; unix"
"lfe","3.1.1","/Library/Frameworks/R.framework/Versions/4.6/Resources/library","R 4.6.0; aarch64-apple-darwin23; 2026-04-26 00:16:40 UTC; unix"
"lgr","0.5.2","/Library/Frameworks/R.framework/Versions/4.6/Resources/library","R 4.6.0; ; 2026-04-25 16:46:15 UTC; unix"
"lifecycle","1.0.5","/Library/Frameworks/R.framework/Versions/4.6/Resources/library","R 4.6.0; ; 2026-04-25 10:32:18 UTC; unix"
"lintr","3.4.0","/Library/Frameworks/R.framework/Versions/4.6/Resources/library","R 4.6.1; ; 2026-07-16 03:56:35 UTC; unix"
"listenv","1.0.0","/Library/Frameworks/R.framework/Versions/4.6/Resources/library","R 4.6.1; ; 2026-06-22 07:13:11 UTC; unix"
"litedown","0.11","/Library/Frameworks/R.framework/Versions/4.6/Resources/library","R 4.6.1; ; 2026-08-26 18:30:00 UTC; unix"
"lme4","2.0-6","/Library/Frameworks/R.framework/Versions/4.6/Resources/library","R 4.6.1; aarch64-apple-darwin23; 2026-07-16 13:27:57 UTC; unix"
"Lmoments","1.3-2","/Library/Frameworks/R.framework/Versions/4.6/Resources/library","R 4.6.0; aarch64-apple-darwin23; 2026-04-25 17:38:31 UTC; unix"
"lmtest","0.9-40","/Library/Frameworks/R.framework/Versions/4.6/Resources/library","R 4.6.0; aarch64-apple-darwin23; 2026-04-25 23:15:03 UTC; unix"
"logistf","1.26.1","/Library/Frameworks/R.framework/Versions/4.6/Resources/library","R 4.6.0; aarch64-apple-darwin23; 2026-04-25 13:33:51 UTC; unix"
"lpSolve","5.6.23","/Library/Frameworks/R.framework/Versions/4.6/Resources/library","R 4.6.0; aarch64-apple-darwin23; 2026-04-25 15:59:56 UTC; unix"
"ltm","1.2-0","/Library/Frameworks/R.framework/Versions/4.6/Resources/library","R 4.6.0; ; 2026-04-26 06:19:05 UTC; unix"
"lubridate","1.9.5","/Library/Frameworks/R.framework/Versions/4.6/Resources/library","R 4.6.0; aarch64-apple-darwin23; 2026-04-25 23:16:04 UTC; unix"
"magrittr","2.0.5","/Library/Frameworks/R.framework/Versions/4.6/Resources/library","R 4.6.0; aarch64-apple-darwin23; 2026-04-25 15:39:33 UTC; unix"
"markdown","2.0","/Library/Frameworks/R.framework/Versions/4.6/Resources/library","R 4.6.0; ; 2026-04-25 23:18:24 UTC; unix"
"MASS","7.3-65","/Library/Frameworks/R.framework/Versions/4.6/Resources/library","R 4.6.0; aarch64-apple-darwin23; 2026-04-25 08:58:51 UTC; unix"
"Matching","4.10-15","/Library/Frameworks/R.framework/Versions/4.6/Resources/library","R 4.6.0; aarch64-apple-darwin23; 2026-04-25 17:34:48 UTC; unix"
"MatchIt","4.7.2","/Library/Frameworks/R.framework/Versions/4.6/Resources/library","R 4.6.0; aarch64-apple-darwin23; 2026-04-26 00:05:37 UTC; unix"
"mathjaxr","2.0-0","/Library/Frameworks/R.framework/Versions/4.6/Resources/library","R 4.6.0; ; 2026-04-25 16:11:49 UTC; unix"
"Matrix","1.7-5","/Library/Frameworks/R.framework/Versions/4.6/Resources/library","R 4.6.0; aarch64-apple-darwin23; 2026-04-25 08:58:56 UTC; unix"
"MatrixModels","0.5-4","/Library/Frameworks/R.framework/Versions/4.6/Resources/library","R 4.6.0; ; 2026-04-26 02:19:55 UTC; unix"
"matrixStats","1.5.0","/Library/Frameworks/R.framework/Versions/4.6/Resources/library","R 4.6.0; aarch64-apple-darwin23; 2026-04-25 15:45:26 UTC; unix"
"maxLik","1.5-2.2","/Library/Frameworks/R.framework/Versions/4.6/Resources/library","R 4.6.0; ; 2026-04-25 23:30:01 UTC; unix"
"mda","0.5-5","/Library/Frameworks/R.framework/Versions/4.6/Resources/library","R 4.6.0; aarch64-apple-darwin23; 2026-04-25 17:17:32 UTC; unix"
"mediation","4.5.1","/Library/Frameworks/R.framework/Versions/4.6/Resources/library","R 4.6.0; ; 2026-04-25 13:36:58 UTC; unix"
"memoise","2.0.1","/Library/Frameworks/R.framework/Versions/4.6/Resources/library","R 4.6.0; ; 2026-04-26 02:18:19 UTC; unix"
"metadat","1.6-0","/Library/Frameworks/R.framework/Versions/4.6/Resources/library","R 4.6.0; ; 2026-04-29 15:57:20 UTC; unix"
"metafor","5.0-1","/Library/Frameworks/R.framework/Versions/4.6/Resources/library","R 4.6.0; ; 2026-04-27 00:14:03 UTC; unix"
"methods","4.6.0","/Library/Frameworks/R.framework/Versions/4.6/Resources/library","R 4.6.0; aarch64-apple-darwin23; 2026-04-25 08:58:28 UTC; unix"
"mgcv","1.9-4","/Library/Frameworks/R.framework/Versions/4.6/Resources/library","R 4.6.0; aarch64-apple-darwin23; 2026-04-25 08:59:17 UTC; unix"
"mice","3.19.0","/Library/Frameworks/R.framework/Versions/4.6/Resources/library","R 4.6.0; aarch64-apple-darwin23; 2026-04-25 13:32:31 UTC; unix"
"microbenchmark","1.5.0","/Library/Frameworks/R.framework/Versions/4.6/Resources/library","R 4.6.0; aarch64-apple-darwin23; 2026-04-25 15:43:17 UTC; unix"
"mime","0.13","/Library/Frameworks/R.framework/Versions/4.6/Resources/library","R 4.6.0; aarch64-apple-darwin23; 2026-04-25 15:38:55 UTC; unix"
"miniUI","0.1.2","/Library/Frameworks/R.framework/Versions/4.6/Resources/library","R 4.6.0; ; 2026-04-26 11:10:34 UTC; unix"
"minqa","1.2.8","/Library/Frameworks/R.framework/Versions/4.6/Resources/library","R 4.6.0; aarch64-apple-darwin23; 2026-04-25 15:42:08 UTC; unix"
"mirai","2.7.2","/Library/Frameworks/R.framework/Versions/4.6/Resources/library","R 4.6.1; ; 2026-07-20 08:31:13 UTC; unix"
"miscTools","0.6-30","/Library/Frameworks/R.framework/Versions/4.6/Resources/library","R 4.6.0; ; 2026-04-25 16:09:26 UTC; unix"
"mitml","0.4-5","/Library/Frameworks/R.framework/Versions/4.6/Resources/library","R 4.6.0; ; 2026-04-25 12:39:26 UTC; unix"
"mitools","2.4","/Library/Frameworks/R.framework/Versions/4.6/Resources/library","R 4.6.0; ; 2026-04-25 15:52:20 UTC; unix"
"mlbench","2.1-10","/Library/Frameworks/R.framework/Versions/4.6/Resources/library","R 4.6.1; aarch64-apple-darwin23; 2026-07-24 06:42:32 UTC; unix"
"mlr3","1.7.1","/Library/Frameworks/R.framework/Versions/4.6/Resources/library","R 4.6.0; ; 2026-06-11 15:53:42 UTC; unix"
"mlr3learners","0.15.1","/Library/Frameworks/R.framework/Versions/4.6/Resources/library","R 4.6.1; aarch64-apple-darwin23; 2026-07-25 15:14:28 UTC; unix"
"mlr3measures","1.3.0","/Library/Frameworks/R.framework/Versions/4.6/Resources/library","R 4.6.0; ; 2026-04-25 23:48:52 UTC; unix"
"mlr3misc","0.22.0","/Library/Frameworks/R.framework/Versions/4.6/Resources/library","R 4.6.0; aarch64-apple-darwin23; 2026-06-10 06:38:12 UTC; unix"
"mlr3tuning","1.6.1","/Library/Frameworks/R.framework/Versions/4.6/Resources/library","R 4.6.1; ; 2026-07-26 07:01:59 UTC; unix"
"mockery","0.4.5","/Library/Frameworks/R.framework/Versions/4.6/Resources/library","R 4.6.0; ; 2026-04-26 13:17:15 UTC; unix"
"ModelMetrics","1.2.2.2","/Library/Frameworks/R.framework/Versions/4.6/Resources/library","R 4.6.0; aarch64-apple-darwin23; 2026-04-25 15:59:45 UTC; unix"
"modelr","0.1.11","/Library/Frameworks/R.framework/Versions/4.6/Resources/library","R 4.6.0; ; 2026-04-25 13:55:06 UTC; unix"
"modeltools","0.2-24","/Library/Frameworks/R.framework/Versions/4.6/Resources/library","R 4.6.0; ; 2026-04-25 16:00:10 UTC; unix"
"moocore","0.3.2","/Library/Frameworks/R.framework/Versions/4.6/Resources/library","R 4.6.1; aarch64-apple-darwin23; 2026-07-12 15:00:26 UTC; unix"
"msm","1.8.2","/Library/Frameworks/R.framework/Versions/4.6/Resources/library","R 4.6.0; aarch64-apple-darwin23; 2026-04-26 05:32:27 UTC; unix"
"multiwayvcov","1.2.3","/Library/Frameworks/R.framework/Versions/4.6/Resources/library","R 4.6.0; ; 2026-04-25 17:42:12 UTC; unix"
"mvtnorm","1.4-2","/Library/Frameworks/R.framework/Versions/4.6/Resources/library","R 4.6.1; aarch64-apple-darwin23; 2026-07-12 10:23:18 UTC; unix"
"nanonext","1.10.1","/Library/Frameworks/R.framework/Versions/4.6/Resources/library","R 4.6.1; aarch64-apple-darwin23; 2026-07-10 02:17:10 UTC; unix"
"neariso","1.0","/Library/Frameworks/R.framework/Versions/4.6/Resources/library","R 4.6.0; aarch64-apple-darwin23; 2026-07-30 01:43:18 UTC; unix"
"nlme","3.1-169","/Library/Frameworks/R.framework/Versions/4.6/Resources/library","R 4.6.0; aarch64-apple-darwin23; 2026-04-25 08:58:55 UTC; unix"
"nloptr","2.2.1","/Library/Frameworks/R.framework/Versions/4.6/Resources/library","R 4.6.0; aarch64-apple-darwin23; 2026-04-25 15:42:27 UTC; unix"
"nnet","7.3-20","/Library/Frameworks/R.framework/Versions/4.6/Resources/library","R 4.6.0; aarch64-apple-darwin23; 2026-04-25 08:58:51 UTC; unix"
"nnls","1.6","/Library/Frameworks/R.framework/Versions/4.6/Resources/library","R 4.6.0; aarch64-apple-darwin23; 2026-04-25 15:53:22 UTC; unix"
"nortest","1.0-4","/Library/Frameworks/R.framework/Versions/4.6/Resources/library","R 4.6.0; ; 2026-04-25 16:06:18 UTC; unix"
"numDeriv","2016.8-1.1","/Library/Frameworks/R.framework/Versions/4.6/Resources/library","R 4.6.0; ; 2026-04-25 15:42:27 UTC; unix"
"openssl","2.4.2","/Library/Frameworks/R.framework/Versions/4.6/Resources/library","R 4.6.0; aarch64-apple-darwin23; 2026-06-09 16:28:40 UTC; unix"
"openxlsx","4.2.8.1","/Library/Frameworks/R.framework/Versions/4.6/Resources/library","R 4.6.0; aarch64-apple-darwin23; 2026-04-25 15:57:07 UTC; unix"
"operator.tools","1.6.3.1","/Library/Frameworks/R.framework/Versions/4.6/Resources/library","R 4.6.0; ; 2026-04-25 16:14:27 UTC; unix"
"optimx","2025-4.9","/Library/Frameworks/R.framework/Versions/4.6/Resources/library","R 4.6.0; ; 2026-04-25 16:00:48 UTC; unix"
"ordinal","2026.7-26","/Library/Frameworks/R.framework/Versions/4.6/Resources/library","R 4.6.1; aarch64-apple-darwin23; 2026-07-27 11:46:59 UTC; unix"
"otel","0.2.0","/Library/Frameworks/R.framework/Versions/4.6/Resources/library","R 4.6.0; ; 2026-04-25 15:39:31 UTC; unix"
"pak","0.11.1","/Library/Frameworks/R.framework/Versions/4.6/Resources/library","R 4.6.1; aarch64-apple-darwin23; 2026-07-22 17:01:57 UTC; unix"
"palmerpenguins","0.1.1","/Library/Frameworks/R.framework/Versions/4.6/Resources/library","R 4.6.0; ; 2026-04-25 16:31:26 UTC; unix"
"pan","2.0","/Library/Frameworks/R.framework/Versions/4.6/Resources/library","R 4.6.1; aarch64-apple-darwin23; 2026-06-30 11:49:26 UTC; unix"
"panelView","1.3.1","/Library/Frameworks/R.framework/Versions/4.6/Resources/library","R 4.6.0; ; 2026-05-14 05:28:54 UTC; unix"
"paradox","1.0.1","/Library/Frameworks/R.framework/Versions/4.6/Resources/library","R 4.6.0; ; 2026-04-25 23:49:10 UTC; unix"
"parallel","4.6.0","/Library/Frameworks/R.framework/Versions/4.6/Resources/library","R 4.6.0; aarch64-apple-darwin23; 2026-04-25 08:58:36 UTC; unix"
"parallelly","1.48.0","/Library/Frameworks/R.framework/Versions/4.6/Resources/library","R 4.6.1; aarch64-apple-darwin23; 2026-06-29 17:11:51 UTC; unix"
"patchwork","1.3.2","/Library/Frameworks/R.framework/Versions/4.6/Resources/library","R 4.6.0; ; 2026-04-26 05:20:41 UTC; unix"
"pbapply","1.7-4","/Library/Frameworks/R.framework/Versions/4.6/Resources/library","R 4.6.0; ; 2026-04-25 15:58:51 UTC; unix"
"pbkrtest","0.5.5","/Library/Frameworks/R.framework/Versions/4.6/Resources/library","R 4.6.0; ; 2026-04-25 14:02:40 UTC; unix"
"pcse","1.9.1.1","/Library/Frameworks/R.framework/Versions/4.6/Resources/library","R 4.6.0; ; 2026-04-25 19:43:33 UTC; unix"
"piggyback","0.1.5","/Library/Frameworks/R.framework/Versions/4.6/Resources/library","R 4.6.0; ; 2026-04-26 11:55:37 UTC; unix"
"pillar","1.11.1","/Library/Frameworks/R.framework/Versions/4.6/Resources/library","R 4.6.0; ; 2026-04-25 11:14:26 UTC; unix"
"pkgbuild","1.4.8","/Library/Frameworks/R.framework/Versions/4.6/Resources/library","R 4.6.0; ; 2026-04-26 05:15:34 UTC; unix"
"pkgconfig","2.0.3","/Library/Frameworks/R.framework/Versions/4.6/Resources/library","R 4.6.0; ; 2026-04-25 15:40:59 UTC; unix"
"pkgdown","2.2.1","/Library/Frameworks/R.framework/Versions/4.6/Resources/library","R 4.6.1; ; 2026-07-08 00:04:38 UTC; unix"
"pkgload","1.5.3","/Library/Frameworks/R.framework/Versions/4.6/Resources/library","R 4.6.0; ; 2026-06-15 18:08:46 UTC; unix"
"PL94171","1.2.1","/Library/Frameworks/R.framework/Versions/4.6/Resources/library","R 4.6.0; ; 2026-04-26 20:31:50 UTC; unix"
"plm","2.6-7","/Library/Frameworks/R.framework/Versions/4.6/Resources/library","R 4.6.0; ; 2026-04-25 23:45:14 UTC; unix"
"plyr","1.8.9","/Library/Frameworks/R.framework/Versions/4.6/Resources/library","R 4.6.0; aarch64-apple-darwin23; 2026-04-25 15:43:36 UTC; unix"
"png","0.1-9","/Library/Frameworks/R.framework/Versions/4.6/Resources/library","R 4.6.0; aarch64-apple-darwin23; 2026-04-25 15:50:44 UTC; unix"
"polycor","0.8-2","/Library/Frameworks/R.framework/Versions/4.6/Resources/library","R 4.6.0; ; 2026-04-26 00:03:52 UTC; unix"
"pracma","2.4.6","/Library/Frameworks/R.framework/Versions/4.6/Resources/library","R 4.6.0; ; 2026-04-25 15:46:29 UTC; unix"
"praise","1.0.0","/Library/Frameworks/R.framework/Versions/4.6/Resources/library","R 4.6.0; ; 2026-04-25 15:54:02 UTC; unix"
"prettyunits","1.2.0","/Library/Frameworks/R.framework/Versions/4.6/Resources/library","R 4.6.0; ; 2026-04-25 15:44:33 UTC; unix"
"pROC","1.19.0.1","/Library/Frameworks/R.framework/Versions/4.6/Resources/library","R 4.6.0; aarch64-apple-darwin23; 2026-04-25 15:58:34 UTC; unix"
"processx","3.9.0","/Library/Frameworks/R.framework/Versions/4.6/Resources/library","R 4.6.0; aarch64-apple-darwin23; 2026-04-25 23:18:04 UTC; unix"
"profmem","0.7.0","/Library/Frameworks/R.framework/Versions/4.6/Resources/library","R 4.6.0; ; 2026-04-25 16:38:43 UTC; unix"
"profvis","0.4.0","/Library/Frameworks/R.framework/Versions/4.6/Resources/library","R 4.6.0; aarch64-apple-darwin23; 2026-04-26 15:55:11 UTC; unix"
"progress","1.2.3","/Library/Frameworks/R.framework/Versions/4.6/Resources/library","R 4.6.0; ; 2026-04-25 23:16:07 UTC; unix"
"progressr","1.0.0","/Library/Frameworks/R.framework/Versions/4.6/Resources/library","R 4.6.1; ; 2026-07-04 02:48:48 UTC; unix"
"promises","1.5.0","/Library/Frameworks/R.framework/Versions/4.6/Resources/library","R 4.6.0; ; 2026-04-26 02:18:42 UTC; unix"
"proxy","0.4-29","/Library/Frameworks/R.framework/Versions/4.6/Resources/library","R 4.6.0; aarch64-apple-darwin23; 2026-04-25 15:46:59 UTC; unix"
"PRROC","1.4","/Library/Frameworks/R.framework/Versions/4.6/Resources/library","R 4.6.0; ; 2026-04-25 16:40:39 UTC; unix"
"ps","1.9.3","/Library/Frameworks/R.framework/Versions/4.6/Resources/library","R 4.6.0; aarch64-apple-darwin23; 2026-04-25 15:48:33 UTC; unix"
"pscl","1.5.9","/Library/Frameworks/R.framework/Versions/4.6/Resources/library","R 4.6.0; aarch64-apple-darwin23; 2026-04-25 15:52:46 UTC; unix"
"purrr","1.2.2","/Library/Frameworks/R.framework/Versions/4.6/Resources/library","R 4.6.0; aarch64-apple-darwin23; 2026-04-25 11:14:29 UTC; unix"
"quadprog","1.5-8","/Library/Frameworks/R.framework/Versions/4.6/Resources/library","R 4.6.0; aarch64-apple-darwin23; 2026-04-25 15:55:14 UTC; unix"
"qualtRics","3.3.0","/Library/Frameworks/R.framework/Versions/4.6/Resources/library","R 4.6.1; ; 2026-06-25 14:01:49 UTC; unix"
"quantmod","0.4.29","/Library/Frameworks/R.framework/Versions/4.6/Resources/library","R 4.6.1; ; 2026-06-28 17:46:15 UTC; unix"
"quantreg","6.1","/Library/Frameworks/R.framework/Versions/4.6/Resources/library","R 4.6.0; aarch64-apple-darwin23; 2026-04-26 05:15:01 UTC; unix"
"R.cache","0.17.0","/Library/Frameworks/R.framework/Versions/4.6/Resources/library","R 4.6.0; ; 2026-04-26 05:16:49 UTC; unix"
"R.methodsS3","1.8.2","/Library/Frameworks/R.framework/Versions/4.6/Resources/library","R 4.6.0; ; 2026-04-25 15:50:08 UTC; unix"
"R.oo","1.27.1","/Library/Frameworks/R.framework/Versions/4.6/Resources/library","R 4.6.0; ; 2026-04-25 23:18:34 UTC; unix"
"R.utils","2.13.0","/Library/Frameworks/R.framework/Versions/4.6/Resources/library","R 4.6.0; ; 2026-04-26 02:22:50 UTC; unix"
"R6","2.6.1","/Library/Frameworks/R.framework/Versions/4.6/Resources/library","R 4.6.0; ; 2026-04-25 15:39:09 UTC; unix"
"ragg","1.5.2","/Library/Frameworks/R.framework/Versions/4.6/Resources/library","R 4.6.0; aarch64-apple-darwin23; 2026-04-25 23:22:07 UTC; unix"
"randomForest","4.7-1.2","/Library/Frameworks/R.framework/Versions/4.6/Resources/library","R 4.6.0; aarch64-apple-darwin23; 2026-04-25 16:01:25 UTC; unix"
"randomizr","1.0.1","/Library/Frameworks/R.framework/Versions/4.6/Resources/library","R 4.6.0; aarch64-apple-darwin23; 2026-04-25 17:54:25 UTC; unix"
"rappdirs","0.3.4","/Library/Frameworks/R.framework/Versions/4.6/Resources/library","R 4.6.0; aarch64-apple-darwin23; 2026-04-25 09:27:56 UTC; unix"
"rbibutils","2.4.1","/Library/Frameworks/R.framework/Versions/4.6/Resources/library","R 4.6.0; aarch64-apple-darwin23; 2026-04-25 15:42:07 UTC; unix"
"rcmdcheck","1.4.0","/Library/Frameworks/R.framework/Versions/4.6/Resources/library","R 4.6.0; ; 2026-04-26 05:20:34 UTC; unix"
"RColorBrewer","1.1-3","/Library/Frameworks/R.framework/Versions/4.6/Resources/library","R 4.6.0; ; 2026-04-25 15:40:08 UTC; unix"
"Rcpp","1.1.2","/Library/Frameworks/R.framework/Versions/4.6/Resources/library","R 4.6.1; aarch64-apple-darwin23; 2026-07-05 10:40:15 UTC; unix"
"RcppArmadillo","15.6.0-1","/Library/Frameworks/R.framework/Versions/4.6/Resources/library","R 4.6.1; aarch64-apple-darwin23; 2026-09-16 22:40:28 UTC; unix"
"RcppEigen","0.3.4.0.2","/Library/Frameworks/R.framework/Versions/4.6/Resources/library","R 4.6.0; aarch64-apple-darwin23; 2026-04-25 15:42:58 UTC; unix"
"RcppProgress","0.4.2","/Library/Frameworks/R.framework/Versions/4.6/Resources/library","R 4.6.0; ; 2026-04-25 16:00:55 UTC; unix"
"RcppTOML","0.2.3","/Library/Frameworks/R.framework/Versions/4.6/Resources/library","R 4.6.0; aarch64-apple-darwin23; 2026-04-25 15:50:47 UTC; unix"
"rdomains","0.5.0.9000","/Library/Frameworks/R.framework/Versions/4.6/Resources/library","R 4.6.0; ; 2026-08-20 06:16:06 UTC; unix"
"Rdpack","2.6.6","/Library/Frameworks/R.framework/Versions/4.6/Resources/library","R 4.6.0; ; 2026-04-25 23:14:59 UTC; unix"
"rdrobust","4.0.0","/Library/Frameworks/R.framework/Versions/4.6/Resources/library","R 4.6.0; ; 2026-05-16 12:36:23 UTC; unix"
"reactable","0.4.5","/Library/Frameworks/R.framework/Versions/4.6/Resources/library","R 4.6.0; ; 2026-04-26 15:51:26 UTC; unix"
"reactR","0.6.1","/Library/Frameworks/R.framework/Versions/4.6/Resources/library","R 4.6.0; ; 2026-04-25 23:18:11 UTC; unix"
"readr","2.2.0","/Library/Frameworks/R.framework/Versions/4.6/Resources/library","R 4.6.0; aarch64-apple-darwin23; 2026-04-26 15:50:28 UTC; unix"
"readstata13","0.11.0","/Library/Frameworks/R.framework/Versions/4.6/Resources/library","R 4.6.0; aarch64-apple-darwin23; 2026-04-25 16:18:48 UTC; unix"
"readxl","1.5.0","/Library/Frameworks/R.framework/Versions/4.6/Resources/library","R 4.6.0; aarch64-apple-darwin23; 2026-05-17 02:16:09 UTC; unix"
"reformulas","0.4.4","/Library/Frameworks/R.framework/Versions/4.6/Resources/library","R 4.6.0; ; 2026-04-26 02:19:52 UTC; unix"
"relaimpo","2.2-7","/Library/Frameworks/R.framework/Versions/4.6/Resources/library","R 4.6.0; ; 2026-04-26 08:55:30 UTC; unix"
"reliabilitydiag","0.2.1","/Library/Frameworks/R.framework/Versions/4.6/Resources/library","R 4.6.0; ; 2026-04-26 21:00:40 UTC; unix"
"rematch","2.0.0","/Library/Frameworks/R.framework/Versions/4.6/Resources/library","R 4.6.0; ; 2026-04-25 15:51:36 UTC; unix"
"rematch2","2.1.2","/Library/Frameworks/R.framework/Versions/4.6/Resources/library","R 4.6.0; ; 2026-04-26 05:20:50 UTC; unix"
"remotes","2.5.0","/Library/Frameworks/R.framework/Versions/4.6/Resources/library","R 4.6.0; ; 2026-04-25 15:49:34 UTC; unix"
"renv","1.1.8","/Library/Frameworks/R.framework/Versions/4.6/Resources/library","R 4.6.0; ; 2026-09-10 10:07:00 UTC; unix"
"reprex","2.1.1","/Library/Frameworks/R.framework/Versions/4.6/Resources/library","R 4.6.0; ; 2026-04-26 11:16:56 UTC; unix"
"reshape2","1.4.5","/Library/Frameworks/R.framework/Versions/4.6/Resources/library","R 4.6.0; aarch64-apple-darwin23; 2026-04-26 02:20:52 UTC; unix"
"reticulate","1.46.0","/Library/Frameworks/R.framework/Versions/4.6/Resources/library","R 4.6.0; aarch64-apple-darwin23; 2026-04-25 23:18:57 UTC; unix"
"rex","1.2.2","/Library/Frameworks/R.framework/Versions/4.6/Resources/library","R 4.6.0; ; 2026-04-25 16:01:06 UTC; unix"
"rgenoud","5.9-0.11","/Library/Frameworks/R.framework/Versions/4.6/Resources/library","R 4.6.0; aarch64-apple-darwin23; 2026-04-25 16:30:45 UTC; unix"
"rhub","2.0.1","/Library/Frameworks/R.framework/Versions/4.6/Resources/library","R 4.6.0; ; 2026-04-26 14:22:36 UTC; unix"
"ri2","0.5.0","/Library/Frameworks/R.framework/Versions/4.6/Resources/library","R 4.6.1; ; 2026-07-29 09:09:04 UTC; unix"
"rlang","1.3.0","/Library/Frameworks/R.framework/Versions/4.6/Resources/library","R 4.6.1; aarch64-apple-darwin23; 2026-07-05 10:40:38 UTC; unix"
"rmarkdown","2.32","/Library/Frameworks/R.framework/Versions/4.6/Resources/library","R 4.6.1; ; 2026-09-01 17:10:43 UTC; unix"
"rmeta","3.0","/Library/Frameworks/R.framework/Versions/4.6/Resources/library","R 4.6.0; ; 2026-04-25 20:02:24 UTC; unix"
"rngtools","1.5.2","/Library/Frameworks/R.framework/Versions/4.6/Resources/library","R 4.6.0; ; 2026-04-25 16:01:40 UTC; unix"
"robustbase","0.99-7","/Library/Frameworks/R.framework/Versions/4.6/Resources/library","R 4.6.0; aarch64-apple-darwin23; 2026-04-25 23:23:29 UTC; unix"
"roxygen2","8.0.0","/Library/Frameworks/R.framework/Versions/4.6/Resources/library","R 4.6.0; aarch64-apple-darwin23; 2026-05-01 20:20:24 UTC; unix"
"rpart","4.1.27","/Library/Frameworks/R.framework/Versions/4.6/Resources/library","R 4.6.0; aarch64-apple-darwin23; 2026-04-25 08:58:51 UTC; unix"
"rprojroot","2.1.1","/Library/Frameworks/R.framework/Versions/4.6/Resources/library","R 4.6.0; ; 2026-04-25 15:48:39 UTC; unix"
"Rsolnp","2.0.1","/Library/Frameworks/R.framework/Versions/4.6/Resources/library","R 4.6.0; aarch64-apple-darwin23; 2026-04-26 05:19:24 UTC; unix"
"rstudioapi","0.19.0","/Library/Frameworks/R.framework/Versions/4.6/Resources/library","R 4.6.0; ; 2026-06-12 01:39:39 UTC; unix"
"rversions","3.0.0","/Library/Frameworks/R.framework/Versions/4.6/Resources/library","R 4.6.0; ; 2026-04-25 15:58:46 UTC; unix"
"rvest","1.0.5","/Library/Frameworks/R.framework/Versions/4.6/Resources/library","R 4.6.0; ; 2026-04-26 05:22:36 UTC; unix"
"s2","1.1.11","/Library/Frameworks/R.framework/Versions/4.6/Resources/library","R 4.6.0; aarch64-apple-darwin23; 2026-06-01 15:24:00 UTC; unix"
"S7","0.2.2","/Library/Frameworks/R.framework/Versions/4.6/Resources/library","R 4.6.0; aarch64-apple-darwin23; 2026-04-25 09:28:03 UTC; unix"
"sandwich","3.1-2","/Library/Frameworks/R.framework/Versions/4.6/Resources/library","R 4.6.1; ; 2026-07-12 10:22:05 UTC; unix"
"sass","0.4.10","/Library/Frameworks/R.framework/Versions/4.6/Resources/library","R 4.6.0; aarch64-apple-darwin23; 2026-04-26 02:19:08 UTC; unix"
"scales","1.4.0","/Library/Frameworks/R.framework/Versions/4.6/Resources/library","R 4.6.0; ; 2026-04-25 23:14:37 UTC; unix"
"scam","1.2-22","/Library/Frameworks/R.framework/Versions/4.6/Resources/library","R 4.6.0; aarch64-apple-darwin23; 2026-04-26 02:44:37 UTC; unix"
"selectr","0.6-0","/Library/Frameworks/R.framework/Versions/4.6/Resources/library","R 4.6.1; ; 2026-06-23 07:04:50 UTC; unix"
"sensemakr","0.1.6","/Library/Frameworks/R.framework/Versions/4.6/Resources/library","R 4.6.0; ; 2026-08-01 20:38:39 UTC; unix"
"sessioninfo","1.2.4","/Library/Frameworks/R.framework/Versions/4.6/Resources/library","R 4.6.0; ; 2026-06-04 14:24:20 UTC; unix"
"sf","1.1-2","/Library/Frameworks/R.framework/Versions/4.6/Resources/library","R 4.6.1; aarch64-apple-darwin23; 2026-07-23 07:32:45 UTC; unix"
"shape","1.4.6.1","/Library/Frameworks/R.framework/Versions/4.6/Resources/library","R 4.6.0; ; 2026-04-25 15:46:22 UTC; unix"
"shiny","1.14.0","/Library/Frameworks/R.framework/Versions/4.6/Resources/library","R 4.6.0; ; 2026-06-21 15:41:33 UTC; unix"
"shinyjs","2.1.1","/Library/Frameworks/R.framework/Versions/4.6/Resources/library","R 4.6.0; ; 2026-04-26 11:10:41 UTC; unix"
"sitmo","2.0.2","/Library/Frameworks/R.framework/Versions/4.6/Resources/library","R 4.6.0; aarch64-apple-darwin23; 2026-04-25 16:23:04 UTC; unix"
"sjlabelled","1.2.0","/Library/Frameworks/R.framework/Versions/4.6/Resources/library","R 4.6.0; ; 2026-04-25 16:36:52 UTC; unix"
"snakecase","0.11.1","/Library/Frameworks/R.framework/Versions/4.6/Resources/library","R 4.6.0; ; 2026-09-23 03:44:40 UTC; unix"
"sourcetools","0.1.7-2","/Library/Frameworks/R.framework/Versions/4.6/Resources/library","R 4.6.0; aarch64-apple-darwin23; 2026-04-25 15:39:30 UTC; unix"
"SparseM","1.84-2","/Library/Frameworks/R.framework/Versions/4.6/Resources/library","R 4.6.0; aarch64-apple-darwin23; 2026-04-25 15:43:24 UTC; unix"
"spatial","7.3-18","/Library/Frameworks/R.framework/Versions/4.6/Resources/library","R 4.6.0; aarch64-apple-darwin23; 2026-04-25 08:58:51 UTC; unix"
"spelling","2.3.2","/Library/Frameworks/R.framework/Versions/4.6/Resources/library","R 4.6.0; ; 2026-04-26 03:32:04 UTC; unix"
"spiderbar","0.2.5","/Library/Frameworks/R.framework/Versions/4.6/Resources/library","R 4.6.0; aarch64-apple-darwin23; 2026-04-25 16:50:22 UTC; unix"
"splines","4.6.0","/Library/Frameworks/R.framework/Versions/4.6/Resources/library","R 4.6.0; aarch64-apple-darwin23; 2026-04-25 08:58:35 UTC; unix"
"stats","4.6.0","/Library/Frameworks/R.framework/Versions/4.6/Resources/library","R 4.6.0; aarch64-apple-darwin23; 2026-04-25 08:58:20 UTC; unix"
"stats4","4.6.0","/Library/Frameworks/R.framework/Versions/4.6/Resources/library","R 4.6.0; ; 2026-04-25 08:58:35 UTC; unix"
"stringdist","0.9.17","/Library/Frameworks/R.framework/Versions/4.6/Resources/library","R 4.6.0; aarch64-apple-darwin23; 2026-04-25 15:50:49 UTC; unix"
"stringi","1.8.7","/Library/Frameworks/R.framework/Versions/4.6/Resources/library","R 4.6.0; aarch64-apple-darwin23; 2026-04-25 15:41:40 UTC; unix"
"stringmagic","1.2.0","/Library/Frameworks/R.framework/Versions/4.6/Resources/library","R 4.6.0; aarch64-apple-darwin23; 2026-04-25 17:27:38 UTC; unix"
"stringr","1.6.0","/Library/Frameworks/R.framework/Versions/4.6/Resources/library","R 4.6.0; ; 2026-04-25 11:14:29 UTC; unix"
"strucchange","1.5-4","/Library/Frameworks/R.framework/Versions/4.6/Resources/library","R 4.6.0; aarch64-apple-darwin23; 2026-04-25 16:14:27 UTC; unix"
"styler","1.11.0","/Library/Frameworks/R.framework/Versions/4.6/Resources/library","R 4.6.0; ; 2026-04-26 11:11:39 UTC; unix"
"summclust","0.7.0","/Library/Frameworks/R.framework/Versions/4.6/Resources/library","R 4.6.1; ; 2026-07-04 13:20:54 UTC; unix"
"superdf","0.1.0","/Library/Frameworks/R.framework/Versions/4.6/Resources/library","R 4.6.0; ; 2026-08-02 19:17:53 UTC; unix"
"survey","4.5","/Library/Frameworks/R.framework/Versions/4.6/Resources/library","R 4.6.0; aarch64-apple-darwin23; 2026-04-26 05:19:13 UTC; unix"
"survival","3.8-6","/Library/Frameworks/R.framework/Versions/4.6/Resources/library","R 4.6.0; aarch64-apple-darwin23; 2026-04-25 08:59:17 UTC; unix"
"svglite","2.2.2","/Library/Frameworks/R.framework/Versions/4.6/Resources/library","R 4.6.0; aarch64-apple-darwin23; 2026-04-26 02:23:12 UTC; unix"
"Synth","1.2-0","/Library/Frameworks/R.framework/Versions/4.6/Resources/library","R 4.6.0; ; 2026-08-02 05:15:20 UTC; unix"
"sys","3.4.3","/Library/Frameworks/R.framework/Versions/4.6/Resources/library","R 4.6.0; aarch64-apple-darwin23; 2026-04-25 15:48:55 UTC; unix"
"systemfonts","1.3.2","/Library/Frameworks/R.framework/Versions/4.6/Resources/library","R 4.6.0; aarch64-apple-darwin23; 2026-04-25 23:16:44 UTC; unix"
"tcltk","4.6.0","/Library/Frameworks/R.framework/Versions/4.6/Resources/library","R 4.6.0; aarch64-apple-darwin23; 2026-04-25 08:58:36 UTC; unix"
"testthat","3.3.2","/Library/Frameworks/R.framework/Versions/4.6/Resources/library","R 4.6.0; aarch64-apple-darwin23; 2026-04-26 11:13:21 UTC; unix"
"textshaping","1.0.5","/Library/Frameworks/R.framework/Versions/4.6/Resources/library","R 4.6.0; aarch64-apple-darwin23; 2026-04-25 23:19:28 UTC; unix"
"tibble","3.3.1","/Library/Frameworks/R.framework/Versions/4.6/Resources/library","R 4.6.0; aarch64-apple-darwin23; 2026-04-26 05:14:40 UTC; unix"
"tidyr","1.3.2","/Library/Frameworks/R.framework/Versions/4.6/Resources/library","R 4.6.0; aarch64-apple-darwin23; 2026-04-26 15:50:18 UTC; unix"
"tidyselect","1.2.1","/Library/Frameworks/R.framework/Versions/4.6/Resources/library","R 4.6.0; ; 2026-04-26 02:19:10 UTC; unix"
"tidyverse","2.0.0","/Library/Frameworks/R.framework/Versions/4.6/Resources/library","R 4.6.0; ; 2026-04-25 13:55:25 UTC; unix"
"timechange","0.4.0","/Library/Frameworks/R.framework/Versions/4.6/Resources/library","R 4.6.0; aarch64-apple-darwin23; 2026-04-25 15:44:04 UTC; unix"
"timeDate","4052.112","/Library/Frameworks/R.framework/Versions/4.6/Resources/library","R 4.6.0; ; 2026-04-25 15:42:55 UTC; unix"
"tinytex","0.61","/Library/Frameworks/R.framework/Versions/4.6/Resources/library","R 4.6.1; ; 2026-09-18 16:19:30 UTC; unix"
"tinytiger","0.0.11","/Library/Frameworks/R.framework/Versions/4.6/Resources/library","R 4.6.0; ; 2026-04-26 05:31:18 UTC; unix"
"tools","4.6.0","/Library/Frameworks/R.framework/Versions/4.6/Resources/library","R 4.6.0; aarch64-apple-darwin23; 2026-04-25 08:58:01 UTC; unix"
"triebeard","0.4.1","/Library/Frameworks/R.framework/Versions/4.6/Resources/library","R 4.6.0; aarch64-apple-darwin23; 2026-04-25 15:55:08 UTC; unix"
"truncnorm","1.0-9","/Library/Frameworks/R.framework/Versions/4.6/Resources/library","R 4.6.0; aarch64-apple-darwin23; 2026-04-25 15:46:38 UTC; unix"
"tseries","0.10-63","/Library/Frameworks/R.framework/Versions/4.6/Resources/library","R 4.6.1; aarch64-apple-darwin23; 2026-08-11 21:00:16 UTC; unix"
"TTR","0.24.4","/Library/Frameworks/R.framework/Versions/4.6/Resources/library","R 4.6.0; aarch64-apple-darwin23; 2026-04-25 23:21:33 UTC; unix"
"tuber","2.0.0.9000","/Library/Frameworks/R.framework/Versions/4.6/Resources/library","R 4.6.0; ; 2026-08-20 17:10:35 UTC; unix"
"tubern","0.6.0","/Library/Frameworks/R.framework/Versions/4.6/Resources/library","R 4.6.0; ; 2026-08-20 03:48:16 UTC; unix"
"tzdb","0.5.0","/Library/Frameworks/R.framework/Versions/4.6/Resources/library","R 4.6.0; aarch64-apple-darwin23; 2026-04-25 15:44:31 UTC; unix"
"ucminf","1.2.3","/Library/Frameworks/R.framework/Versions/4.6/Resources/library","R 4.6.0; aarch64-apple-darwin23; 2026-04-25 15:52:24 UTC; unix"
"units","1.0-1","/Library/Frameworks/R.framework/Versions/4.6/Resources/library","R 4.6.0; aarch64-apple-darwin23; 2026-04-25 15:40:45 UTC; unix"
"urca","1.3-4","/Library/Frameworks/R.framework/Versions/4.6/Resources/library","R 4.6.0; aarch64-apple-darwin23; 2026-04-26 02:19:51 UTC; unix"
"urlchecker","2.0.0","/Library/Frameworks/R.framework/Versions/4.6/Resources/library","R 4.6.1; ; 2026-07-08 20:35:10 UTC; unix"
"urltools","1.7.3.1","/Library/Frameworks/R.framework/Versions/4.6/Resources/library","R 4.6.0; aarch64-apple-darwin23; 2026-04-25 23:21:11 UTC; unix"
"usethis","3.2.1","/Library/Frameworks/R.framework/Versions/4.6/Resources/library","R 4.6.0; ; 2026-04-26 15:51:35 UTC; unix"
"utf8","1.2.6","/Library/Frameworks/R.framework/Versions/4.6/Resources/library","R 4.6.0; aarch64-apple-darwin23; 2026-04-25 15:41:06 UTC; unix"
"utils","4.6.0","/Library/Frameworks/R.framework/Versions/4.6/Resources/library","R 4.6.0; aarch64-apple-darwin23; 2026-04-25 08:58:11 UTC; unix"
"uuid","1.2-2","/Library/Frameworks/R.framework/Versions/4.6/Resources/library","R 4.6.0; aarch64-apple-darwin23; 2026-04-25 15:57:30 UTC; unix"
"V8","8.2.0","/Library/Frameworks/R.framework/Versions/4.6/Resources/library","R 4.6.0; aarch64-apple-darwin23; 2026-04-25 15:57:00 UTC; unix"
"vars","1.6-1","/Library/Frameworks/R.framework/Versions/4.6/Resources/library","R 4.6.0; ; 2026-04-26 02:55:27 UTC; unix"
"vctrs","0.7.3","/Library/Frameworks/R.framework/Versions/4.6/Resources/library","R 4.6.0; aarch64-apple-darwin23; 2026-04-25 23:15:23 UTC; unix"
"VGAM","1.1-14","/Library/Frameworks/R.framework/Versions/4.6/Resources/library","R 4.6.0; aarch64-apple-darwin23; 2026-04-25 16:02:36 UTC; unix"
"viridisLite","0.4.3","/Library/Frameworks/R.framework/Versions/4.6/Resources/library","R 4.6.0; ; 2026-04-25 15:40:19 UTC; unix"
"virustotal","0.7.0","/Library/Frameworks/R.framework/Versions/4.6/Resources/library","R 4.6.0; ; 2026-08-19 20:36:36 UTC; unix"
"vroom","1.7.1","/Library/Frameworks/R.framework/Versions/4.6/Resources/library","R 4.6.0; aarch64-apple-darwin23; 2026-04-26 11:09:05 UTC; unix"
"waldo","0.6.2","/Library/Frameworks/R.framework/Versions/4.6/Resources/library","R 4.6.0; ; 2026-04-25 23:20:29 UTC; unix"
"webfakes","1.5.0","/Library/Frameworks/R.framework/Versions/4.6/Resources/library","R 4.6.0; aarch64-apple-darwin23; 2026-05-17 02:15:11 UTC; unix"
"whisker","0.4.1","/Library/Frameworks/R.framework/Versions/4.6/Resources/library","R 4.6.0; ; 2026-04-25 15:49:54 UTC; unix"
"whoami","1.3.0","/Library/Frameworks/R.framework/Versions/4.6/Resources/library","R 4.6.0; ; 2026-04-26 06:50:14 UTC; unix"
"withr","3.0.3","/Library/Frameworks/R.framework/Versions/4.6/Resources/library","R 4.6.0; ; 2026-06-19 06:07:49 UTC; unix"
"wk","0.9.5","/Library/Frameworks/R.framework/Versions/4.6/Resources/library","R 4.6.0; aarch64-apple-darwin23; 2026-04-25 15:40:40 UTC; unix"
"wru","3.1.1","/Library/Frameworks/R.framework/Versions/4.6/Resources/library","R 4.6.0; aarch64-apple-darwin23; 2026-08-01 18:01:25 UTC; unix"
"xfun","0.59","/Library/Frameworks/R.framework/Versions/4.6/Resources/library","R 4.6.0; aarch64-apple-darwin23; 2026-06-19 06:07:50 UTC; unix"
"XML","3.99-0.23","/Library/Frameworks/R.framework/Versions/4.6/Resources/library","R 4.6.0; aarch64-apple-darwin23; 2026-04-25 15:53:22 UTC; unix"
"xml2","1.6.0","/Library/Frameworks/R.framework/Versions/4.6/Resources/library","R 4.6.1; aarch64-apple-darwin23; 2026-06-22 16:51:32 UTC; unix"
"xmlparsedata","1.0.5","/Library/Frameworks/R.framework/Versions/4.6/Resources/library","R 4.6.0; ; 2026-04-25 16:01:02 UTC; unix"
"xopen","1.0.1","/Library/Frameworks/R.framework/Versions/4.6/Resources/library","R 4.6.0; ; 2026-04-25 23:22:53 UTC; unix"
"xtable","1.8-8","/Library/Frameworks/R.framework/Versions/4.6/Resources/library","R 4.6.0; ; 2026-04-25 15:39:58 UTC; unix"
"xts","0.14.2","/Library/Frameworks/R.framework/Versions/4.6/Resources/library","R 4.6.0; aarch64-apple-darwin23; 2026-04-25 15:55:38 UTC; unix"
"yaml","2.3.12","/Library/Frameworks/R.framework/Versions/4.6/Resources/library","R 4.6.0; aarch64-apple-darwin23; 2026-04-25 15:39:54 UTC; unix"
"yulab.utils","0.2.4","/Library/Frameworks/R.framework/Versions/4.6/Resources/library","R 4.6.0; ; 2026-04-25 16:26:26 UTC; unix"
"zip","3.0.1","/Library/Frameworks/R.framework/Versions/4.6/Resources/library","R 4.6.1; aarch64-apple-darwin23; 2026-07-13 14:17:06 UTC; unix"
"zoo","1.8-15","/Library/Frameworks/R.framework/Versions/4.6/Resources/library","R 4.6.0; aarch64-apple-darwin23; 2026-04-25 09:28:22 UTC; unix"
