"cell","deposited","reproduced","difference"
1,1,1,0
2,0.037,0.037,0
3,0.03,0.03,0
4,0,0,0
5,0,0,0
6,-0.049,-0.049,0
7,0.177,0.177,0
8,-0.001,-0.001,0
9,0.002,0.002,0
10,0.019,0.019,0
11,0.007,0.007,0
12,0,0,0
13,0,0,0
14,0.001,0.001,0
15,0.046,0.046,0
16,-0.02,-0.02,0
17,0.064,0.064,0
18,-0.022,-0.022,0
19,0.048,0.048,0
20,0.034,0.034,0
21,0.11,0.11,0
22,-0.057,-0.057,0
23,0.04,0.04,0
24,0.059,0.059,0
25,0.05,0.05,0
26,-0.003,-0.003,0
27,0.049,0.049,0
28,594,594,0
29,0.013,0.013,0
30,-0.009,-0.009,0
31,1.03,1.03,0
32,0.421,0.421,0
