"cohort","direct","n","outcome"
"2015-01","0",2,"most_influential_gd"
"2015-04","0",2,"most_influential_gd"
"2015-05","0",2,"most_influential_gd"
"2015-06","0",7,"most_influential_gd"
"2015-07","0",19,"most_influential_gd"
"2015-08","0",46,"most_influential_gd"
"2015-09","0",6,"most_influential_gd"
"2015-10","0",31,"most_influential_gd"
"2015-11","0",22,"most_influential_gd"
"2015-12","0",5,"most_influential_gd"
"2016-01","0",1,"most_influential_gd"
"2016-03","0",3,"most_influential_gd"
"2016-08","0",3,"most_influential_gd"
"2016-10","0",2,"most_influential_gd"
"2016-11","0",3,"most_influential_gd"
"2017-02","0",3,"most_influential_gd"
"2017-05","0",1,"most_influential_gd"
"2017-06","0",1,"most_influential_gd"
"2020-02","0",2,"most_influential_gd"
"2020-12","0",6,"most_influential_gd"
"2021-01","0",153,"most_influential_gd"
"2021-02","0",47,"most_influential_gd"
"2021-03","0",3,"most_influential_gd"
"2017-08","1",1,"most_influential_gd"
"2017-09","1",4,"most_influential_gd"
"2017-10","1",72,"most_influential_gd"
"2017-11","1",34,"most_influential_gd"
"2017-12","1",37,"most_influential_gd"
"2018-01","1",8,"most_influential_gd"
"2018-02","1",5,"most_influential_gd"
"2018-03","1",1,"most_influential_gd"
"2018-04","1",1,"most_influential_gd"
"2018-05","1",13,"most_influential_gd"
"2018-06","1",1,"most_influential_gd"
"2018-07","1",4,"most_influential_gd"
"2018-08","1",5,"most_influential_gd"
"2018-09","1",8,"most_influential_gd"
"2018-10","1",1,"most_influential_gd"
"2018-11","1",1,"most_influential_gd"
"2018-12","1",11,"most_influential_gd"
"2019-01","1",7,"most_influential_gd"
"2019-02","1",4,"most_influential_gd"
"2019-03","1",8,"most_influential_gd"
"2019-05","1",1,"most_influential_gd"
"2019-06","1",2,"most_influential_gd"
"2019-07","1",1,"most_influential_gd"
"2019-08","1",1,"most_influential_gd"
"2019-12","1",2,"most_influential_gd"
"2020-01","1",1,"most_influential_gd"
"2015-01","0",2,"prop_speakingtime_sarpanch"
"2015-04","0",2,"prop_speakingtime_sarpanch"
"2015-05","0",2,"prop_speakingtime_sarpanch"
"2015-06","0",7,"prop_speakingtime_sarpanch"
"2015-07","0",19,"prop_speakingtime_sarpanch"
"2015-08","0",46,"prop_speakingtime_sarpanch"
"2015-09","0",6,"prop_speakingtime_sarpanch"
"2015-10","0",30,"prop_speakingtime_sarpanch"
"2015-11","0",22,"prop_speakingtime_sarpanch"
"2015-12","0",5,"prop_speakingtime_sarpanch"
"2016-01","0",1,"prop_speakingtime_sarpanch"
"2016-03","0",3,"prop_speakingtime_sarpanch"
"2016-08","0",3,"prop_speakingtime_sarpanch"
"2016-10","0",2,"prop_speakingtime_sarpanch"
"2016-11","0",3,"prop_speakingtime_sarpanch"
"2017-02","0",3,"prop_speakingtime_sarpanch"
"2017-05","0",1,"prop_speakingtime_sarpanch"
"2017-06","0",1,"prop_speakingtime_sarpanch"
"2020-02","0",2,"prop_speakingtime_sarpanch"
"2020-12","0",6,"prop_speakingtime_sarpanch"
"2021-01","0",153,"prop_speakingtime_sarpanch"
"2021-02","0",47,"prop_speakingtime_sarpanch"
"2021-03","0",3,"prop_speakingtime_sarpanch"
"2017-08","1",1,"prop_speakingtime_sarpanch"
"2017-09","1",4,"prop_speakingtime_sarpanch"
"2017-10","1",72,"prop_speakingtime_sarpanch"
"2017-11","1",34,"prop_speakingtime_sarpanch"
"2017-12","1",37,"prop_speakingtime_sarpanch"
"2018-01","1",8,"prop_speakingtime_sarpanch"
"2018-02","1",5,"prop_speakingtime_sarpanch"
"2018-03","1",1,"prop_speakingtime_sarpanch"
"2018-04","1",1,"prop_speakingtime_sarpanch"
"2018-05","1",13,"prop_speakingtime_sarpanch"
"2018-06","1",1,"prop_speakingtime_sarpanch"
"2018-07","1",4,"prop_speakingtime_sarpanch"
"2018-08","1",5,"prop_speakingtime_sarpanch"
"2018-09","1",8,"prop_speakingtime_sarpanch"
"2018-10","1",1,"prop_speakingtime_sarpanch"
"2018-11","1",1,"prop_speakingtime_sarpanch"
"2018-12","1",11,"prop_speakingtime_sarpanch"
"2019-01","1",7,"prop_speakingtime_sarpanch"
"2019-02","1",4,"prop_speakingtime_sarpanch"
"2019-03","1",8,"prop_speakingtime_sarpanch"
"2019-05","1",1,"prop_speakingtime_sarpanch"
"2019-06","1",2,"prop_speakingtime_sarpanch"
"2019-07","1",1,"prop_speakingtime_sarpanch"
"2019-08","1",1,"prop_speakingtime_sarpanch"
"2019-12","1",2,"prop_speakingtime_sarpanch"
"2020-01","1",1,"prop_speakingtime_sarpanch"
"2015-01","0",2,"i_decide_masik_sabha"
"2015-04","0",2,"i_decide_masik_sabha"
"2015-05","0",2,"i_decide_masik_sabha"
"2015-06","0",7,"i_decide_masik_sabha"
"2015-07","0",19,"i_decide_masik_sabha"
"2015-08","0",45,"i_decide_masik_sabha"
"2015-09","0",6,"i_decide_masik_sabha"
"2015-10","0",26,"i_decide_masik_sabha"
"2015-11","0",20,"i_decide_masik_sabha"
"2015-12","0",5,"i_decide_masik_sabha"
"2016-01","0",1,"i_decide_masik_sabha"
"2016-03","0",3,"i_decide_masik_sabha"
"2016-08","0",3,"i_decide_masik_sabha"
"2016-10","0",2,"i_decide_masik_sabha"
"2016-11","0",3,"i_decide_masik_sabha"
"2017-02","0",3,"i_decide_masik_sabha"
"2017-05","0",1,"i_decide_masik_sabha"
"2017-06","0",1,"i_decide_masik_sabha"
"2020-02","0",2,"i_decide_masik_sabha"
"2020-12","0",6,"i_decide_masik_sabha"
"2021-01","0",152,"i_decide_masik_sabha"
"2021-02","0",47,"i_decide_masik_sabha"
"2021-03","0",3,"i_decide_masik_sabha"
"2017-08","1",1,"i_decide_masik_sabha"
"2017-09","1",4,"i_decide_masik_sabha"
"2017-10","1",72,"i_decide_masik_sabha"
"2017-11","1",34,"i_decide_masik_sabha"
"2017-12","1",37,"i_decide_masik_sabha"
"2018-01","1",8,"i_decide_masik_sabha"
"2018-02","1",5,"i_decide_masik_sabha"
"2018-03","1",1,"i_decide_masik_sabha"
"2018-04","1",1,"i_decide_masik_sabha"
"2018-05","1",13,"i_decide_masik_sabha"
"2018-06","1",1,"i_decide_masik_sabha"
"2018-07","1",4,"i_decide_masik_sabha"
"2018-08","1",5,"i_decide_masik_sabha"
"2018-09","1",8,"i_decide_masik_sabha"
"2018-10","1",1,"i_decide_masik_sabha"
"2018-11","1",1,"i_decide_masik_sabha"
"2018-12","1",11,"i_decide_masik_sabha"
"2019-01","1",7,"i_decide_masik_sabha"
"2019-02","1",4,"i_decide_masik_sabha"
"2019-03","1",8,"i_decide_masik_sabha"
"2019-05","1",1,"i_decide_masik_sabha"
"2019-06","1",2,"i_decide_masik_sabha"
"2019-07","1",1,"i_decide_masik_sabha"
"2019-08","1",1,"i_decide_masik_sabha"
"2019-12","1",2,"i_decide_masik_sabha"
"2020-01","1",1,"i_decide_masik_sabha"
"2015-01","0",2,"sarpanch_maratha"
"2015-04","0",2,"sarpanch_maratha"
"2015-05","0",2,"sarpanch_maratha"
"2015-06","0",7,"sarpanch_maratha"
"2015-07","0",19,"sarpanch_maratha"
"2015-08","0",46,"sarpanch_maratha"
"2015-09","0",6,"sarpanch_maratha"
"2015-10","0",31,"sarpanch_maratha"
"2015-11","0",22,"sarpanch_maratha"
"2015-12","0",5,"sarpanch_maratha"
"2016-01","0",1,"sarpanch_maratha"
"2016-03","0",3,"sarpanch_maratha"
"2016-08","0",3,"sarpanch_maratha"
"2016-10","0",2,"sarpanch_maratha"
"2016-11","0",3,"sarpanch_maratha"
"2017-02","0",3,"sarpanch_maratha"
"2017-05","0",1,"sarpanch_maratha"
"2017-06","0",1,"sarpanch_maratha"
"2020-02","0",2,"sarpanch_maratha"
"2020-12","0",6,"sarpanch_maratha"
"2021-01","0",153,"sarpanch_maratha"
"2021-02","0",47,"sarpanch_maratha"
"2021-03","0",3,"sarpanch_maratha"
"2017-08","1",1,"sarpanch_maratha"
"2017-09","1",4,"sarpanch_maratha"
"2017-10","1",72,"sarpanch_maratha"
"2017-11","1",34,"sarpanch_maratha"
"2017-12","1",36,"sarpanch_maratha"
"2018-01","1",8,"sarpanch_maratha"
"2018-02","1",5,"sarpanch_maratha"
"2018-03","1",1,"sarpanch_maratha"
"2018-04","1",1,"sarpanch_maratha"
"2018-05","1",13,"sarpanch_maratha"
"2018-06","1",1,"sarpanch_maratha"
"2018-07","1",4,"sarpanch_maratha"
"2018-08","1",5,"sarpanch_maratha"
"2018-09","1",8,"sarpanch_maratha"
"2018-10","1",1,"sarpanch_maratha"
"2018-11","1",1,"sarpanch_maratha"
"2018-12","1",11,"sarpanch_maratha"
"2019-01","1",7,"sarpanch_maratha"
"2019-02","1",4,"sarpanch_maratha"
"2019-03","1",8,"sarpanch_maratha"
"2019-05","1",1,"sarpanch_maratha"
"2019-06","1",2,"sarpanch_maratha"
"2019-07","1",1,"sarpanch_maratha"
"2019-08","1",1,"sarpanch_maratha"
"2019-12","1",2,"sarpanch_maratha"
"2020-01","1",1,"sarpanch_maratha"
"2016-03","0",2,"avg_prop_land_held_sarpanch_caste"
"2016-10","0",1,"avg_prop_land_held_sarpanch_caste"
"2017-02","0",2,"avg_prop_land_held_sarpanch_caste"
"2017-06","0",1,"avg_prop_land_held_sarpanch_caste"
"2020-02","0",2,"avg_prop_land_held_sarpanch_caste"
"2020-12","0",6,"avg_prop_land_held_sarpanch_caste"
"2021-01","0",151,"avg_prop_land_held_sarpanch_caste"
"2021-02","0",47,"avg_prop_land_held_sarpanch_caste"
"2021-03","0",3,"avg_prop_land_held_sarpanch_caste"
"2017-08","1",1,"avg_prop_land_held_sarpanch_caste"
"2017-09","1",3,"avg_prop_land_held_sarpanch_caste"
"2017-10","1",60,"avg_prop_land_held_sarpanch_caste"
"2017-11","1",25,"avg_prop_land_held_sarpanch_caste"
"2017-12","1",20,"avg_prop_land_held_sarpanch_caste"
"2018-01","1",3,"avg_prop_land_held_sarpanch_caste"
"2018-02","1",2,"avg_prop_land_held_sarpanch_caste"
"2018-03","1",1,"avg_prop_land_held_sarpanch_caste"
"2018-04","1",1,"avg_prop_land_held_sarpanch_caste"
"2018-05","1",9,"avg_prop_land_held_sarpanch_caste"
"2018-06","1",1,"avg_prop_land_held_sarpanch_caste"
"2018-07","1",2,"avg_prop_land_held_sarpanch_caste"
"2018-08","1",4,"avg_prop_land_held_sarpanch_caste"
"2018-09","1",6,"avg_prop_land_held_sarpanch_caste"
"2018-11","1",1,"avg_prop_land_held_sarpanch_caste"
"2018-12","1",10,"avg_prop_land_held_sarpanch_caste"
"2019-01","1",4,"avg_prop_land_held_sarpanch_caste"
"2019-02","1",2,"avg_prop_land_held_sarpanch_caste"
"2019-03","1",8,"avg_prop_land_held_sarpanch_caste"
"2019-06","1",2,"avg_prop_land_held_sarpanch_caste"
"2019-07","1",1,"avg_prop_land_held_sarpanch_caste"
"2020-01","1",1,"avg_prop_land_held_sarpanch_caste"
"2015-01","0",2,"sarpanch_male"
"2015-04","0",2,"sarpanch_male"
"2015-05","0",2,"sarpanch_male"
"2015-06","0",7,"sarpanch_male"
"2015-07","0",19,"sarpanch_male"
"2015-08","0",46,"sarpanch_male"
"2015-09","0",6,"sarpanch_male"
"2015-10","0",31,"sarpanch_male"
"2015-11","0",22,"sarpanch_male"
"2015-12","0",5,"sarpanch_male"
"2016-01","0",1,"sarpanch_male"
"2016-03","0",3,"sarpanch_male"
"2016-08","0",3,"sarpanch_male"
"2016-10","0",2,"sarpanch_male"
"2016-11","0",3,"sarpanch_male"
"2017-02","0",3,"sarpanch_male"
"2017-05","0",1,"sarpanch_male"
"2017-06","0",1,"sarpanch_male"
"2020-02","0",2,"sarpanch_male"
"2020-12","0",6,"sarpanch_male"
"2021-01","0",153,"sarpanch_male"
"2021-02","0",47,"sarpanch_male"
"2021-03","0",3,"sarpanch_male"
"2017-08","1",1,"sarpanch_male"
"2017-09","1",4,"sarpanch_male"
"2017-10","1",72,"sarpanch_male"
"2017-11","1",34,"sarpanch_male"
"2017-12","1",37,"sarpanch_male"
"2018-01","1",8,"sarpanch_male"
"2018-02","1",5,"sarpanch_male"
"2018-03","1",1,"sarpanch_male"
"2018-04","1",1,"sarpanch_male"
"2018-05","1",13,"sarpanch_male"
"2018-06","1",1,"sarpanch_male"
"2018-07","1",4,"sarpanch_male"
"2018-08","1",5,"sarpanch_male"
"2018-09","1",8,"sarpanch_male"
"2018-10","1",1,"sarpanch_male"
"2018-11","1",1,"sarpanch_male"
"2018-12","1",11,"sarpanch_male"
"2019-01","1",7,"sarpanch_male"
"2019-02","1",4,"sarpanch_male"
"2019-03","1",8,"sarpanch_male"
"2019-05","1",1,"sarpanch_male"
"2019-06","1",2,"sarpanch_male"
"2019-07","1",1,"sarpanch_male"
"2019-08","1",1,"sarpanch_male"
"2019-12","1",2,"sarpanch_male"
"2020-01","1",1,"sarpanch_male"
"2015-01","0",2,"sarpanch_land_own_name"
"2015-04","0",2,"sarpanch_land_own_name"
"2015-05","0",2,"sarpanch_land_own_name"
"2015-06","0",7,"sarpanch_land_own_name"
"2015-07","0",19,"sarpanch_land_own_name"
"2015-08","0",46,"sarpanch_land_own_name"
"2015-09","0",6,"sarpanch_land_own_name"
"2015-10","0",30,"sarpanch_land_own_name"
"2015-11","0",20,"sarpanch_land_own_name"
"2015-12","0",5,"sarpanch_land_own_name"
"2016-01","0",1,"sarpanch_land_own_name"
"2016-03","0",3,"sarpanch_land_own_name"
"2016-08","0",3,"sarpanch_land_own_name"
"2016-10","0",2,"sarpanch_land_own_name"
"2016-11","0",3,"sarpanch_land_own_name"
"2017-02","0",2,"sarpanch_land_own_name"
"2017-05","0",1,"sarpanch_land_own_name"
"2017-06","0",1,"sarpanch_land_own_name"
"2020-02","0",2,"sarpanch_land_own_name"
"2020-12","0",6,"sarpanch_land_own_name"
"2021-01","0",153,"sarpanch_land_own_name"
"2021-02","0",46,"sarpanch_land_own_name"
"2021-03","0",3,"sarpanch_land_own_name"
"2017-08","1",1,"sarpanch_land_own_name"
"2017-09","1",4,"sarpanch_land_own_name"
"2017-10","1",72,"sarpanch_land_own_name"
"2017-11","1",34,"sarpanch_land_own_name"
"2017-12","1",36,"sarpanch_land_own_name"
"2018-01","1",7,"sarpanch_land_own_name"
"2018-02","1",4,"sarpanch_land_own_name"
"2018-03","1",1,"sarpanch_land_own_name"
"2018-04","1",1,"sarpanch_land_own_name"
"2018-05","1",13,"sarpanch_land_own_name"
"2018-06","1",1,"sarpanch_land_own_name"
"2018-07","1",4,"sarpanch_land_own_name"
"2018-08","1",5,"sarpanch_land_own_name"
"2018-09","1",8,"sarpanch_land_own_name"
"2018-10","1",1,"sarpanch_land_own_name"
"2018-11","1",1,"sarpanch_land_own_name"
"2018-12","1",11,"sarpanch_land_own_name"
"2019-01","1",7,"sarpanch_land_own_name"
"2019-02","1",4,"sarpanch_land_own_name"
"2019-03","1",8,"sarpanch_land_own_name"
"2019-05","1",1,"sarpanch_land_own_name"
"2019-06","1",2,"sarpanch_land_own_name"
"2019-07","1",1,"sarpanch_land_own_name"
"2019-08","1",1,"sarpanch_land_own_name"
"2019-12","1",2,"sarpanch_land_own_name"
"2020-01","1",1,"sarpanch_land_own_name"
"2015-01","0",2,"three_four_wheeler"
"2015-04","0",2,"three_four_wheeler"
"2015-05","0",2,"three_four_wheeler"
"2015-06","0",7,"three_four_wheeler"
"2015-07","0",19,"three_four_wheeler"
"2015-08","0",46,"three_four_wheeler"
"2015-09","0",6,"three_four_wheeler"
"2015-10","0",31,"three_four_wheeler"
"2015-11","0",22,"three_four_wheeler"
"2015-12","0",5,"three_four_wheeler"
"2016-01","0",1,"three_four_wheeler"
"2016-03","0",3,"three_four_wheeler"
"2016-08","0",3,"three_four_wheeler"
"2016-10","0",2,"three_four_wheeler"
"2016-11","0",3,"three_four_wheeler"
"2017-02","0",3,"three_four_wheeler"
"2017-05","0",1,"three_four_wheeler"
"2017-06","0",1,"three_four_wheeler"
"2020-02","0",2,"three_four_wheeler"
"2020-12","0",6,"three_four_wheeler"
"2021-01","0",153,"three_four_wheeler"
"2021-02","0",47,"three_four_wheeler"
"2021-03","0",3,"three_four_wheeler"
"2017-08","1",1,"three_four_wheeler"
"2017-09","1",4,"three_four_wheeler"
"2017-10","1",72,"three_four_wheeler"
"2017-11","1",34,"three_four_wheeler"
"2017-12","1",37,"three_four_wheeler"
"2018-01","1",8,"three_four_wheeler"
"2018-02","1",5,"three_four_wheeler"
"2018-03","1",1,"three_four_wheeler"
"2018-04","1",1,"three_four_wheeler"
"2018-05","1",13,"three_four_wheeler"
"2018-06","1",1,"three_four_wheeler"
"2018-07","1",4,"three_four_wheeler"
"2018-08","1",5,"three_four_wheeler"
"2018-09","1",8,"three_four_wheeler"
"2018-10","1",1,"three_four_wheeler"
"2018-11","1",1,"three_four_wheeler"
"2018-12","1",11,"three_four_wheeler"
"2019-01","1",7,"three_four_wheeler"
"2019-02","1",4,"three_four_wheeler"
"2019-03","1",8,"three_four_wheeler"
"2019-05","1",1,"three_four_wheeler"
"2019-06","1",2,"three_four_wheeler"
"2019-07","1",1,"three_four_wheeler"
"2019-08","1",1,"three_four_wheeler"
"2019-12","1",2,"three_four_wheeler"
"2020-01","1",1,"three_four_wheeler"
"2015-01","0",2,"pacca_house"
"2015-04","0",2,"pacca_house"
"2015-05","0",2,"pacca_house"
"2015-06","0",7,"pacca_house"
"2015-07","0",19,"pacca_house"
"2015-08","0",46,"pacca_house"
"2015-09","0",6,"pacca_house"
"2015-10","0",31,"pacca_house"
"2015-11","0",22,"pacca_house"
"2015-12","0",5,"pacca_house"
"2016-01","0",1,"pacca_house"
"2016-03","0",3,"pacca_house"
"2016-08","0",3,"pacca_house"
"2016-10","0",2,"pacca_house"
"2016-11","0",3,"pacca_house"
"2017-02","0",3,"pacca_house"
"2017-05","0",1,"pacca_house"
"2017-06","0",1,"pacca_house"
"2020-02","0",2,"pacca_house"
"2020-12","0",6,"pacca_house"
"2021-01","0",153,"pacca_house"
"2021-02","0",47,"pacca_house"
"2021-03","0",3,"pacca_house"
"2017-08","1",1,"pacca_house"
"2017-09","1",4,"pacca_house"
"2017-10","1",72,"pacca_house"
"2017-11","1",34,"pacca_house"
"2017-12","1",37,"pacca_house"
"2018-01","1",8,"pacca_house"
"2018-02","1",5,"pacca_house"
"2018-03","1",1,"pacca_house"
"2018-04","1",1,"pacca_house"
"2018-05","1",13,"pacca_house"
"2018-06","1",1,"pacca_house"
"2018-07","1",4,"pacca_house"
"2018-08","1",5,"pacca_house"
"2018-09","1",8,"pacca_house"
"2018-10","1",1,"pacca_house"
"2018-11","1",1,"pacca_house"
"2018-12","1",11,"pacca_house"
"2019-01","1",7,"pacca_house"
"2019-02","1",4,"pacca_house"
"2019-03","1",8,"pacca_house"
"2019-05","1",1,"pacca_house"
"2019-06","1",2,"pacca_house"
"2019-07","1",1,"pacca_house"
"2019-08","1",1,"pacca_house"
"2019-12","1",2,"pacca_house"
"2020-01","1",1,"pacca_house"
"2015-01","0",2,"sarpanch_uncontested"
"2015-04","0",2,"sarpanch_uncontested"
"2015-05","0",2,"sarpanch_uncontested"
"2015-06","0",7,"sarpanch_uncontested"
"2015-07","0",19,"sarpanch_uncontested"
"2015-08","0",46,"sarpanch_uncontested"
"2015-09","0",6,"sarpanch_uncontested"
"2015-10","0",31,"sarpanch_uncontested"
"2015-11","0",22,"sarpanch_uncontested"
"2015-12","0",5,"sarpanch_uncontested"
"2016-01","0",1,"sarpanch_uncontested"
"2016-03","0",3,"sarpanch_uncontested"
"2016-08","0",3,"sarpanch_uncontested"
"2016-10","0",2,"sarpanch_uncontested"
"2016-11","0",3,"sarpanch_uncontested"
"2017-02","0",3,"sarpanch_uncontested"
"2017-05","0",1,"sarpanch_uncontested"
"2017-06","0",1,"sarpanch_uncontested"
"2020-02","0",2,"sarpanch_uncontested"
"2020-12","0",6,"sarpanch_uncontested"
"2021-01","0",152,"sarpanch_uncontested"
"2021-02","0",47,"sarpanch_uncontested"
"2021-03","0",3,"sarpanch_uncontested"
"2017-08","1",1,"sarpanch_uncontested"
"2017-09","1",4,"sarpanch_uncontested"
"2017-10","1",72,"sarpanch_uncontested"
"2017-11","1",34,"sarpanch_uncontested"
"2017-12","1",37,"sarpanch_uncontested"
"2018-01","1",8,"sarpanch_uncontested"
"2018-02","1",5,"sarpanch_uncontested"
"2018-03","1",1,"sarpanch_uncontested"
"2018-04","1",1,"sarpanch_uncontested"
"2018-05","1",13,"sarpanch_uncontested"
"2018-06","1",1,"sarpanch_uncontested"
"2018-07","1",4,"sarpanch_uncontested"
"2018-08","1",5,"sarpanch_uncontested"
"2018-09","1",8,"sarpanch_uncontested"
"2018-10","1",1,"sarpanch_uncontested"
"2018-11","1",1,"sarpanch_uncontested"
"2018-12","1",11,"sarpanch_uncontested"
"2019-01","1",7,"sarpanch_uncontested"
"2019-02","1",4,"sarpanch_uncontested"
"2019-03","1",8,"sarpanch_uncontested"
"2019-05","1",1,"sarpanch_uncontested"
"2019-06","1",2,"sarpanch_uncontested"
"2019-07","1",1,"sarpanch_uncontested"
"2019-08","1",1,"sarpanch_uncontested"
"2019-12","1",2,"sarpanch_uncontested"
"2020-01","1",1,"sarpanch_uncontested"
"2015-01","0",2,"resignation"
"2015-04","0",2,"resignation"
"2015-05","0",2,"resignation"
"2015-06","0",7,"resignation"
"2015-07","0",19,"resignation"
"2015-08","0",46,"resignation"
"2015-09","0",6,"resignation"
"2015-10","0",31,"resignation"
"2015-11","0",22,"resignation"
"2015-12","0",5,"resignation"
"2016-01","0",1,"resignation"
"2016-03","0",3,"resignation"
"2016-08","0",2,"resignation"
"2016-10","0",2,"resignation"
"2016-11","0",3,"resignation"
"2017-02","0",3,"resignation"
"2017-05","0",1,"resignation"
"2017-06","0",1,"resignation"
"2020-02","0",2,"resignation"
"2020-12","0",6,"resignation"
"2021-01","0",153,"resignation"
"2021-02","0",47,"resignation"
"2021-03","0",3,"resignation"
"2017-08","1",1,"resignation"
"2017-09","1",4,"resignation"
"2017-10","1",71,"resignation"
"2017-11","1",34,"resignation"
"2017-12","1",37,"resignation"
"2018-01","1",8,"resignation"
"2018-02","1",5,"resignation"
"2018-03","1",1,"resignation"
"2018-04","1",1,"resignation"
"2018-05","1",12,"resignation"
"2018-06","1",1,"resignation"
"2018-07","1",4,"resignation"
"2018-08","1",5,"resignation"
"2018-09","1",8,"resignation"
"2018-10","1",1,"resignation"
"2018-11","1",1,"resignation"
"2018-12","1",11,"resignation"
"2019-01","1",7,"resignation"
"2019-02","1",4,"resignation"
"2019-03","1",8,"resignation"
"2019-05","1",1,"resignation"
"2019-06","1",2,"resignation"
"2019-07","1",1,"resignation"
"2019-08","1",1,"resignation"
"2019-12","1",2,"resignation"
"2020-01","1",1,"resignation"
"2015-01","0",2,"rich_landowner_influences_gp"
"2015-04","0",2,"rich_landowner_influences_gp"
"2015-05","0",2,"rich_landowner_influences_gp"
"2015-06","0",7,"rich_landowner_influences_gp"
"2015-07","0",19,"rich_landowner_influences_gp"
"2015-08","0",44,"rich_landowner_influences_gp"
"2015-09","0",5,"rich_landowner_influences_gp"
"2015-10","0",27,"rich_landowner_influences_gp"
"2015-11","0",19,"rich_landowner_influences_gp"
"2015-12","0",5,"rich_landowner_influences_gp"
"2016-01","0",1,"rich_landowner_influences_gp"
"2016-03","0",3,"rich_landowner_influences_gp"
"2016-08","0",3,"rich_landowner_influences_gp"
"2016-10","0",2,"rich_landowner_influences_gp"
"2016-11","0",3,"rich_landowner_influences_gp"
"2017-02","0",3,"rich_landowner_influences_gp"
"2017-05","0",1,"rich_landowner_influences_gp"
"2017-06","0",1,"rich_landowner_influences_gp"
"2020-02","0",2,"rich_landowner_influences_gp"
"2020-12","0",6,"rich_landowner_influences_gp"
"2021-01","0",152,"rich_landowner_influences_gp"
"2021-02","0",47,"rich_landowner_influences_gp"
"2021-03","0",3,"rich_landowner_influences_gp"
"2017-08","1",1,"rich_landowner_influences_gp"
"2017-09","1",4,"rich_landowner_influences_gp"
"2017-10","1",72,"rich_landowner_influences_gp"
"2017-11","1",34,"rich_landowner_influences_gp"
"2017-12","1",35,"rich_landowner_influences_gp"
"2018-01","1",7,"rich_landowner_influences_gp"
"2018-02","1",5,"rich_landowner_influences_gp"
"2018-03","1",1,"rich_landowner_influences_gp"
"2018-04","1",1,"rich_landowner_influences_gp"
"2018-05","1",13,"rich_landowner_influences_gp"
"2018-06","1",1,"rich_landowner_influences_gp"
"2018-07","1",4,"rich_landowner_influences_gp"
"2018-08","1",5,"rich_landowner_influences_gp"
"2018-09","1",7,"rich_landowner_influences_gp"
"2018-11","1",1,"rich_landowner_influences_gp"
"2018-12","1",11,"rich_landowner_influences_gp"
"2019-01","1",7,"rich_landowner_influences_gp"
"2019-02","1",4,"rich_landowner_influences_gp"
"2019-03","1",8,"rich_landowner_influences_gp"
"2019-05","1",1,"rich_landowner_influences_gp"
"2019-06","1",2,"rich_landowner_influences_gp"
"2019-07","1",1,"rich_landowner_influences_gp"
"2019-08","1",1,"rich_landowner_influences_gp"
"2019-12","1",2,"rich_landowner_influences_gp"
"2020-01","1",1,"rich_landowner_influences_gp"
"2015-01","0",12,"sarpanch_nominate_BDO"
"2015-04","0",13,"sarpanch_nominate_BDO"
"2015-05","0",12,"sarpanch_nominate_BDO"
"2015-06","0",41,"sarpanch_nominate_BDO"
"2015-07","0",121,"sarpanch_nominate_BDO"
"2015-08","0",272,"sarpanch_nominate_BDO"
"2015-09","0",36,"sarpanch_nominate_BDO"
"2015-10","0",186,"sarpanch_nominate_BDO"
"2015-11","0",125,"sarpanch_nominate_BDO"
"2015-12","0",30,"sarpanch_nominate_BDO"
"2016-01","0",8,"sarpanch_nominate_BDO"
"2016-03","0",18,"sarpanch_nominate_BDO"
"2016-08","0",18,"sarpanch_nominate_BDO"
"2016-10","0",12,"sarpanch_nominate_BDO"
"2016-11","0",21,"sarpanch_nominate_BDO"
"2017-02","0",18,"sarpanch_nominate_BDO"
"2017-05","0",6,"sarpanch_nominate_BDO"
"2017-06","0",6,"sarpanch_nominate_BDO"
"2020-02","0",10,"sarpanch_nominate_BDO"
"2020-12","0",36,"sarpanch_nominate_BDO"
"2021-01","0",910,"sarpanch_nominate_BDO"
"2021-02","0",279,"sarpanch_nominate_BDO"
"2021-03","0",18,"sarpanch_nominate_BDO"
"2017-08","1",7,"sarpanch_nominate_BDO"
"2017-09","1",24,"sarpanch_nominate_BDO"
"2017-10","1",432,"sarpanch_nominate_BDO"
"2017-11","1",197,"sarpanch_nominate_BDO"
"2017-12","1",222,"sarpanch_nominate_BDO"
"2018-01","1",46,"sarpanch_nominate_BDO"
"2018-02","1",32,"sarpanch_nominate_BDO"
"2018-03","1",6,"sarpanch_nominate_BDO"
"2018-04","1",6,"sarpanch_nominate_BDO"
"2018-05","1",80,"sarpanch_nominate_BDO"
"2018-06","1",6,"sarpanch_nominate_BDO"
"2018-07","1",24,"sarpanch_nominate_BDO"
"2018-08","1",31,"sarpanch_nominate_BDO"
"2018-09","1",47,"sarpanch_nominate_BDO"
"2018-10","1",4,"sarpanch_nominate_BDO"
"2018-11","1",6,"sarpanch_nominate_BDO"
"2018-12","1",66,"sarpanch_nominate_BDO"
"2019-01","1",41,"sarpanch_nominate_BDO"
"2019-02","1",23,"sarpanch_nominate_BDO"
"2019-03","1",49,"sarpanch_nominate_BDO"
"2019-05","1",4,"sarpanch_nominate_BDO"
"2019-06","1",12,"sarpanch_nominate_BDO"
"2019-07","1",6,"sarpanch_nominate_BDO"
"2019-08","1",6,"sarpanch_nominate_BDO"
"2019-12","1",12,"sarpanch_nominate_BDO"
"2020-01","1",6,"sarpanch_nominate_BDO"
"2015-01","0",9,"sarpanch_inauguralevents"
"2015-04","0",13,"sarpanch_inauguralevents"
"2015-05","0",12,"sarpanch_inauguralevents"
"2015-06","0",40,"sarpanch_inauguralevents"
"2015-07","0",119,"sarpanch_inauguralevents"
"2015-08","0",263,"sarpanch_inauguralevents"
"2015-09","0",36,"sarpanch_inauguralevents"
"2015-10","0",176,"sarpanch_inauguralevents"
"2015-11","0",126,"sarpanch_inauguralevents"
"2015-12","0",29,"sarpanch_inauguralevents"
"2016-01","0",8,"sarpanch_inauguralevents"
"2016-03","0",18,"sarpanch_inauguralevents"
"2016-08","0",21,"sarpanch_inauguralevents"
"2016-10","0",12,"sarpanch_inauguralevents"
"2016-11","0",21,"sarpanch_inauguralevents"
"2017-02","0",18,"sarpanch_inauguralevents"
"2017-05","0",6,"sarpanch_inauguralevents"
"2017-06","0",6,"sarpanch_inauguralevents"
"2020-02","0",11,"sarpanch_inauguralevents"
"2020-12","0",36,"sarpanch_inauguralevents"
"2021-01","0",898,"sarpanch_inauguralevents"
"2021-02","0",277,"sarpanch_inauguralevents"
"2021-03","0",18,"sarpanch_inauguralevents"
"2017-08","1",5,"sarpanch_inauguralevents"
"2017-09","1",22,"sarpanch_inauguralevents"
"2017-10","1",426,"sarpanch_inauguralevents"
"2017-11","1",192,"sarpanch_inauguralevents"
"2017-12","1",214,"sarpanch_inauguralevents"
"2018-01","1",48,"sarpanch_inauguralevents"
"2018-02","1",31,"sarpanch_inauguralevents"
"2018-03","1",6,"sarpanch_inauguralevents"
"2018-04","1",5,"sarpanch_inauguralevents"
"2018-05","1",78,"sarpanch_inauguralevents"
"2018-06","1",3,"sarpanch_inauguralevents"
"2018-07","1",23,"sarpanch_inauguralevents"
"2018-08","1",31,"sarpanch_inauguralevents"
"2018-09","1",46,"sarpanch_inauguralevents"
"2018-10","1",5,"sarpanch_inauguralevents"
"2018-11","1",6,"sarpanch_inauguralevents"
"2018-12","1",65,"sarpanch_inauguralevents"
"2019-01","1",41,"sarpanch_inauguralevents"
"2019-02","1",23,"sarpanch_inauguralevents"
"2019-03","1",48,"sarpanch_inauguralevents"
"2019-05","1",5,"sarpanch_inauguralevents"
"2019-06","1",11,"sarpanch_inauguralevents"
"2019-07","1",6,"sarpanch_inauguralevents"
"2019-08","1",6,"sarpanch_inauguralevents"
"2019-12","1",12,"sarpanch_inauguralevents"
"2020-01","1",5,"sarpanch_inauguralevents"
"2015-01","0",12,"other_nominate_BDO"
"2015-04","0",13,"other_nominate_BDO"
"2015-05","0",12,"other_nominate_BDO"
"2015-06","0",41,"other_nominate_BDO"
"2015-07","0",121,"other_nominate_BDO"
"2015-08","0",272,"other_nominate_BDO"
"2015-09","0",36,"other_nominate_BDO"
"2015-10","0",186,"other_nominate_BDO"
"2015-11","0",125,"other_nominate_BDO"
"2015-12","0",30,"other_nominate_BDO"
"2016-01","0",8,"other_nominate_BDO"
"2016-03","0",18,"other_nominate_BDO"
"2016-08","0",18,"other_nominate_BDO"
"2016-10","0",12,"other_nominate_BDO"
"2016-11","0",21,"other_nominate_BDO"
"2017-02","0",18,"other_nominate_BDO"
"2017-05","0",6,"other_nominate_BDO"
"2017-06","0",6,"other_nominate_BDO"
"2020-02","0",10,"other_nominate_BDO"
"2020-12","0",36,"other_nominate_BDO"
"2021-01","0",910,"other_nominate_BDO"
"2021-02","0",279,"other_nominate_BDO"
"2021-03","0",18,"other_nominate_BDO"
"2017-08","1",7,"other_nominate_BDO"
"2017-09","1",24,"other_nominate_BDO"
"2017-10","1",432,"other_nominate_BDO"
"2017-11","1",197,"other_nominate_BDO"
"2017-12","1",222,"other_nominate_BDO"
"2018-01","1",46,"other_nominate_BDO"
"2018-02","1",32,"other_nominate_BDO"
"2018-03","1",6,"other_nominate_BDO"
"2018-04","1",6,"other_nominate_BDO"
"2018-05","1",80,"other_nominate_BDO"
"2018-06","1",6,"other_nominate_BDO"
"2018-07","1",24,"other_nominate_BDO"
"2018-08","1",31,"other_nominate_BDO"
"2018-09","1",47,"other_nominate_BDO"
"2018-10","1",4,"other_nominate_BDO"
"2018-11","1",6,"other_nominate_BDO"
"2018-12","1",66,"other_nominate_BDO"
"2019-01","1",41,"other_nominate_BDO"
"2019-02","1",23,"other_nominate_BDO"
"2019-03","1",49,"other_nominate_BDO"
"2019-05","1",4,"other_nominate_BDO"
"2019-06","1",12,"other_nominate_BDO"
"2019-07","1",6,"other_nominate_BDO"
"2019-08","1",6,"other_nominate_BDO"
"2019-12","1",12,"other_nominate_BDO"
"2020-01","1",6,"other_nominate_BDO"
"2015-01","0",9,"formersarpanch_otherperson_inauguralevents"
"2015-04","0",13,"formersarpanch_otherperson_inauguralevents"
"2015-05","0",12,"formersarpanch_otherperson_inauguralevents"
"2015-06","0",40,"formersarpanch_otherperson_inauguralevents"
"2015-07","0",119,"formersarpanch_otherperson_inauguralevents"
"2015-08","0",263,"formersarpanch_otherperson_inauguralevents"
"2015-09","0",36,"formersarpanch_otherperson_inauguralevents"
"2015-10","0",176,"formersarpanch_otherperson_inauguralevents"
"2015-11","0",126,"formersarpanch_otherperson_inauguralevents"
"2015-12","0",29,"formersarpanch_otherperson_inauguralevents"
"2016-01","0",8,"formersarpanch_otherperson_inauguralevents"
"2016-03","0",18,"formersarpanch_otherperson_inauguralevents"
"2016-08","0",21,"formersarpanch_otherperson_inauguralevents"
"2016-10","0",12,"formersarpanch_otherperson_inauguralevents"
"2016-11","0",21,"formersarpanch_otherperson_inauguralevents"
"2017-02","0",18,"formersarpanch_otherperson_inauguralevents"
"2017-05","0",6,"formersarpanch_otherperson_inauguralevents"
"2017-06","0",6,"formersarpanch_otherperson_inauguralevents"
"2020-02","0",11,"formersarpanch_otherperson_inauguralevents"
"2020-12","0",36,"formersarpanch_otherperson_inauguralevents"
"2021-01","0",898,"formersarpanch_otherperson_inauguralevents"
"2021-02","0",277,"formersarpanch_otherperson_inauguralevents"
"2021-03","0",18,"formersarpanch_otherperson_inauguralevents"
"2017-08","1",5,"formersarpanch_otherperson_inauguralevents"
"2017-09","1",22,"formersarpanch_otherperson_inauguralevents"
"2017-10","1",426,"formersarpanch_otherperson_inauguralevents"
"2017-11","1",192,"formersarpanch_otherperson_inauguralevents"
"2017-12","1",214,"formersarpanch_otherperson_inauguralevents"
"2018-01","1",48,"formersarpanch_otherperson_inauguralevents"
"2018-02","1",31,"formersarpanch_otherperson_inauguralevents"
"2018-03","1",6,"formersarpanch_otherperson_inauguralevents"
"2018-04","1",5,"formersarpanch_otherperson_inauguralevents"
"2018-05","1",78,"formersarpanch_otherperson_inauguralevents"
"2018-06","1",3,"formersarpanch_otherperson_inauguralevents"
"2018-07","1",23,"formersarpanch_otherperson_inauguralevents"
"2018-08","1",31,"formersarpanch_otherperson_inauguralevents"
"2018-09","1",46,"formersarpanch_otherperson_inauguralevents"
"2018-10","1",5,"formersarpanch_otherperson_inauguralevents"
"2018-11","1",6,"formersarpanch_otherperson_inauguralevents"
"2018-12","1",65,"formersarpanch_otherperson_inauguralevents"
"2019-01","1",41,"formersarpanch_otherperson_inauguralevents"
"2019-02","1",23,"formersarpanch_otherperson_inauguralevents"
"2019-03","1",48,"formersarpanch_otherperson_inauguralevents"
"2019-05","1",5,"formersarpanch_otherperson_inauguralevents"
"2019-06","1",11,"formersarpanch_otherperson_inauguralevents"
"2019-07","1",6,"formersarpanch_otherperson_inauguralevents"
"2019-08","1",6,"formersarpanch_otherperson_inauguralevents"
"2019-12","1",12,"formersarpanch_otherperson_inauguralevents"
"2020-01","1",5,"formersarpanch_otherperson_inauguralevents"
"2015-01","0",10,"resignation_reported"
"2015-04","0",13,"resignation_reported"
"2015-05","0",12,"resignation_reported"
"2015-06","0",42,"resignation_reported"
"2015-07","0",121,"resignation_reported"
"2015-08","0",272,"resignation_reported"
"2015-09","0",35,"resignation_reported"
"2015-10","0",182,"resignation_reported"
"2015-11","0",126,"resignation_reported"
"2015-12","0",29,"resignation_reported"
"2016-01","0",8,"resignation_reported"
"2016-03","0",18,"resignation_reported"
"2016-08","0",21,"resignation_reported"
"2016-10","0",12,"resignation_reported"
"2016-11","0",22,"resignation_reported"
"2017-02","0",18,"resignation_reported"
"2017-05","0",6,"resignation_reported"
"2017-06","0",6,"resignation_reported"
"2020-02","0",11,"resignation_reported"
"2020-12","0",36,"resignation_reported"
"2021-01","0",894,"resignation_reported"
"2021-02","0",268,"resignation_reported"
"2021-03","0",17,"resignation_reported"
"2017-08","1",6,"resignation_reported"
"2017-09","1",24,"resignation_reported"
"2017-10","1",433,"resignation_reported"
"2017-11","1",199,"resignation_reported"
"2017-12","1",220,"resignation_reported"
"2018-01","1",48,"resignation_reported"
"2018-02","1",30,"resignation_reported"
"2018-03","1",6,"resignation_reported"
"2018-04","1",6,"resignation_reported"
"2018-05","1",81,"resignation_reported"
"2018-06","1",6,"resignation_reported"
"2018-07","1",24,"resignation_reported"
"2018-08","1",29,"resignation_reported"
"2018-09","1",48,"resignation_reported"
"2018-10","1",6,"resignation_reported"
"2018-11","1",6,"resignation_reported"
"2018-12","1",66,"resignation_reported"
"2019-01","1",42,"resignation_reported"
"2019-02","1",23,"resignation_reported"
"2019-03","1",49,"resignation_reported"
"2019-05","1",5,"resignation_reported"
"2019-06","1",12,"resignation_reported"
"2019-07","1",6,"resignation_reported"
"2019-08","1",6,"resignation_reported"
"2019-12","1",12,"resignation_reported"
"2020-01","1",6,"resignation_reported"
