"outcome","n","cohorts","cohort_rank","full_columns","full_rank","treatment_identified"
"most_influential_gd",604,49,49,50,49,FALSE
"prop_speakingtime_sarpanch",603,49,49,50,49,FALSE
"i_decide_masik_sabha",595,49,49,50,49,FALSE
"sarpanch_maratha",603,49,49,50,49,FALSE
"avg_prop_land_held_sarpanch_caste",382,31,31,32,31,FALSE
"sarpanch_male",604,49,49,50,49,FALSE
"sarpanch_land_own_name",596,49,49,50,49,FALSE
"three_four_wheeler",604,49,49,50,49,FALSE
"pacca_house",604,49,49,50,49,FALSE
"sarpanch_uncontested",603,49,49,50,49,FALSE
"resignation",601,49,49,50,49,FALSE
"rich_landowner_influences_gp",588,48,48,49,48,FALSE
"sarpanch_nominate_BDO",3603,49,49,50,49,FALSE
"sarpanch_inauguralevents",3536,49,49,50,49,FALSE
"other_nominate_BDO",3603,49,49,50,49,FALSE
"formersarpanch_otherperson_inauguralevents",3536,49,49,50,49,FALSE
"resignation_reported",3578,49,49,50,49,FALSE
