"outcome","dataset","specification","n","estimate","se","df","p","lower","upper"
"most_influential_gd","elite","baseline_HC2",604,0.150681450681451,0.0366705825779344,602,4.52331866616223e-05,0.0786636375793262,0.222699263783575
"most_influential_gd","elite","election_month_CR2",604,0.15068145068145,0.0482889501900592,9.739783020065,0.0112065773401187,0.0426960420105264,0.258666859352374
"most_influential_gd","elite","year_FE_baseline_SE",604,0.422374429223747,0.0566745832905217,596,3.23552368750367e-13,0.311068253096078,0.533680605351415
"most_influential_gd","elite","year_FE_month_CR2",604,0.422374429223746,0.0582264328519382,2.4177307663811,0.010739719951843,0.209079276744487,0.635669581703006
"most_influential_gd","elite","linear_month_baseline_SE",604,0.146871597595256,0.0369569047184018,601,7.92195258280135e-05,0.0742912296005794,0.219451965589933
"most_influential_gd","elite","linear_month_month_CR2",604,0.146871597595256,0.0473826526174537,11.3108414506816,0.00980392531554265,0.042931691835577,0.250811503354935
"prop_speakingtime_sarpanch","elite","baseline_HC2",603,0.0519533041484261,0.0133912103196779,601,0.000116160892607257,0.0256540515377933,0.0782525567590589
"prop_speakingtime_sarpanch","elite","election_month_CR2",603,0.0519533041484262,0.0107427349746215,9.72943676052432,0.000741306478104497,0.0279264651819224,0.07598014311493
"prop_speakingtime_sarpanch","elite","year_FE_baseline_SE",603,0.014554794520548,0.0275288956895818,595,0.597203997423364,-0.0395108273717224,0.0686204164128185
"prop_speakingtime_sarpanch","elite","year_FE_month_CR2",603,0.0145547945205493,0.0154882663733585,2.41773076638107,0.431456038444359,-0.0421818451108953,0.0712914341519939
"prop_speakingtime_sarpanch","elite","linear_month_baseline_SE",603,0.0520640206318453,0.0136421170670682,600,0.000149451252637259,0.0252719173849238,0.0788561238787669
"prop_speakingtime_sarpanch","elite","linear_month_month_CR2",603,0.0520640206318456,0.0123510931741915,11.3391091626592,0.00135506691338344,0.0249783088866908,0.0791497323770004
"i_decide_masik_sabha","elite","baseline_HC2",595,0.114260008996851,0.0374550791606182,593,0.00238596128486737,0.0406992642643855,0.187820753729317
"i_decide_masik_sabha","elite","election_month_CR2",595,0.114260008996851,0.0399191130685709,9.66593251557374,0.017449329730472,0.0248962305759145,0.203623787417788
"i_decide_masik_sabha","elite","year_FE_baseline_SE",595,-0.277397260273969,0.207313605991494,587,0.181396209472717,-0.684563988742023,0.129769468194085
"i_decide_masik_sabha","elite","year_FE_month_CR2",595,-0.277397260273976,0.147684140015168,2.41773076638104,0.178695766669231,-0.818394014160741,0.26359949361279
"i_decide_masik_sabha","elite","linear_month_baseline_SE",595,0.126224136042484,0.0372620046882205,592,0.000752201545539517,0.0530423314478467,0.199405940637121
"i_decide_masik_sabha","elite","linear_month_month_CR2",595,0.126224136042484,0.0379250788802062,11.5291303408797,0.00633375272939359,0.0432166323794887,0.209231639705479
"sarpanch_maratha","elite","baseline_HC2",603,0.0980396705718595,0.0379103887867296,601,0.00994122877462119,0.0235867370827613,0.172492604060958
"sarpanch_maratha","elite","election_month_CR2",603,0.0980396705718597,0.0425213899762641,9.74594981285141,0.0444694946360445,0.00296027530178877,0.193119065841931
"sarpanch_maratha","elite","year_FE_baseline_SE",603,-0.118120291150561,0.208508609019118,595,0.571267013618846,-0.527622646189711,0.29138206388859
"sarpanch_maratha","elite","year_FE_month_CR2",603,-0.118120291150558,0.345113775179493,2.41874820149231,0.759663830889607,-1.38194425105576,1.14570366875465
"sarpanch_maratha","elite","linear_month_baseline_SE",603,0.0879257955193953,0.0386497417114703,600,0.0232615825719434,0.0120205774869052,0.163831013551885
"sarpanch_maratha","elite","linear_month_month_CR2",603,0.0879257955193949,0.0401779666168655,11.3108922965772,0.0504615096344935,-0.000209663593578407,0.176061254632368
"avg_prop_land_held_sarpanch_caste","elite","baseline_HC2",382,0.154182681149329,0.030588585603313,380,7.19764101032316e-07,0.0940385967010942,0.214326765597564
"avg_prop_land_held_sarpanch_caste","elite","election_month_CR2",382,0.154182681149329,0.025667408745039,4.81662526808594,0.00208879914416641,0.0874397640992343,0.220925598199423
"avg_prop_land_held_sarpanch_caste","elite","year_FE_baseline_SE",382,0.00431818181818143,0.135499640244958,375,0.974593805915289,-0.26211613758055,0.270752501216913
"avg_prop_land_held_sarpanch_caste","elite","year_FE_month_CR2",382,0.00431818181817876,0.156660992075868,1.91345809706536,0.980612777493156,-0.699814073520965,0.708450437157323
"avg_prop_land_held_sarpanch_caste","elite","linear_month_baseline_SE",382,0.189835584807066,0.0777906647547206,379,0.0151308261990793,0.0368802369394381,0.342790932674694
"avg_prop_land_held_sarpanch_caste","elite","linear_month_month_CR2",382,0.189835584807066,0.0639541064801997,6.34758809104939,0.0233900208857808,0.0353994479940691,0.344271721620064
"sarpanch_male","elite","baseline_HC2",604,0.16033726033726,0.041153469032753,602,0.000108725164416665,0.0795154507844375,0.241159069890083
"sarpanch_male","elite","election_month_CR2",604,0.16033726033726,0.0338369633055959,9.739783020065,0.000853657816839249,0.0846698810226021,0.236004639651918
"sarpanch_male","elite","year_FE_baseline_SE",604,0.340182648401826,0.17190952367836,596,0.0482931065963503,0.00256055028280577,0.677804746520846
"sarpanch_male","elite","year_FE_month_CR2",604,0.340182648401826,0.115139112113241,2.4177307663811,0.0780253804446342,-0.0815951125159603,0.761960409319613
"sarpanch_male","elite","linear_month_baseline_SE",604,0.168301703981878,0.0413821769914985,601,5.39640031315671e-05,0.0870304596136161,0.249572948350141
"sarpanch_male","elite","linear_month_month_CR2",604,0.168301703981878,0.0407340094187023,11.3108414506816,0.00157288845837325,0.0789464470194552,0.257656960944301
"sarpanch_land_own_name","elite","baseline_HC2",596,0.154930913835023,0.0412041490205676,594,0.000186658458902509,0.0740073776854429,0.235854449984604
"sarpanch_land_own_name","elite","election_month_CR2",596,0.154930913835023,0.0394258978285854,9.57965511996814,0.0030650557124095,0.0665592392364996,0.243302588433547
"sarpanch_land_own_name","elite","year_FE_baseline_SE",596,0.0724615384615369,0.242427229966948,588,0.765121830228503,-0.403667149833331,0.548590226756405
"sarpanch_land_own_name","elite","year_FE_month_CR2",596,0.0724615384615407,0.179731440126066,2.82465676101841,0.715386511079518,-0.520145120094724,0.665068197017806
"sarpanch_land_own_name","elite","linear_month_baseline_SE",596,0.156396690170944,0.0415967814400308,593,0.000186872676239292,0.0747017561386172,0.238091624203271
"sarpanch_land_own_name","elite","linear_month_month_CR2",596,0.156396690170944,0.0425629031942493,11.2140345387623,0.00354767843401636,0.0629340591444691,0.24985932119742
"three_four_wheeler","elite","baseline_HC2",604,0.118757218757219,0.0354263498662201,602,0.00085189786768063,0.0491829697489383,0.188331467765499
"three_four_wheeler","elite","election_month_CR2",604,0.118757218757219,0.0265934485086288,9.739783020065,0.0012865964686248,0.0592880359758413,0.178226401538596
"three_four_wheeler","elite","year_FE_baseline_SE",604,0.0125570776255759,0.18419040358751,596,0.945669638365617,-0.349184082386913,0.374298237638065
"three_four_wheeler","elite","year_FE_month_CR2",604,0.0125570776255687,0.106403893862278,2.4177307663811,0.915152718829109,-0.377221819245085,0.402335974496222
"three_four_wheeler","elite","linear_month_baseline_SE",604,0.123987811388252,0.0353943873285999,601,0.000494159168202694,0.0544761010101706,0.193499521766334
"three_four_wheeler","elite","linear_month_month_CR2",604,0.123987811388252,0.0295326794521426,11.3108414506816,0.00140274397656683,0.0592041036488549,0.188771519127649
"pacca_house","elite","baseline_HC2",604,0.104573804573805,0.0411462205184961,602,0.0112869481048132,0.023766230468262,0.185381378679347
"pacca_house","elite","election_month_CR2",604,0.104573804573804,0.0502281629250123,9.739783020065,0.0647210846118592,-0.00774813820812371,0.216895747355733
"pacca_house","elite","year_FE_baseline_SE",604,-0.140410958904106,0.243823106297463,596,0.564918913900168,-0.619267900373306,0.338445982565095
"pacca_house","elite","year_FE_month_CR2",604,-0.140410958904114,0.298176746135371,2.4177307663811,0.676853530890048,-1.23269244374861,0.951870525940384
"pacca_house","elite","linear_month_baseline_SE",604,0.109921378333396,0.0415931652671554,601,0.00843730250724646,0.0282357700781569,0.191606986588635
"pacca_house","elite","linear_month_month_CR2",604,0.109921378333396,0.0599215639678405,11.3108414506816,0.0930112784930327,-0.0215242324067609,0.241366989073554
"sarpanch_uncontested","elite","baseline_HC2",603,-0.281008963935793,0.0337141559932724,601,5.28192088450897e-16,-0.347220836041068,-0.214797091830518
"sarpanch_uncontested","elite","election_month_CR2",603,-0.281008963935794,0.034347915461268,9.75782905303374,1.12700380605933e-05,-0.35779912971097,-0.204218798160619
"sarpanch_uncontested","elite","year_FE_baseline_SE",603,-0.498858447488583,0.206296620867463,595,0.0158984408463414,-0.904016548534181,-0.0937003464429859
"sarpanch_uncontested","elite","year_FE_month_CR2",603,-0.498858447488587,0.149011456652633,2.41773076638107,0.0604370379972895,-1.04471742958871,0.0470005346115383
"sarpanch_uncontested","elite","linear_month_baseline_SE",603,-0.285550419645661,0.0343636500528661,600,6.41904755822957e-16,-0.353038072451395,-0.218062766839927
"sarpanch_uncontested","elite","linear_month_month_CR2",603,-0.285550419645661,0.0342276213302413,11.305552718431,3.64628030611086e-06,-0.36063723888968,-0.210463600401641
"resignation","elite","baseline_HC2",601,-0.20720026165779,0.0243881061712861,599,1.55688620511154e-16,-0.25509684985828,-0.159303673457299
"resignation","elite","election_month_CR2",601,-0.207200261657789,0.0887209731974912,9.73232072408334,0.0423262564440213,-0.405622383519105,-0.00877813979647235
"resignation","elite","year_FE_baseline_SE",601,-0.0158345038947853,0.229041342472244,593,0.944906403058079,-0.465665397444124,0.433996389654553
"resignation","elite","year_FE_month_CR2",601,-0.0158345038947768,0.234728077832887,2.41876926527258,0.951390641641018,-0.875414910852142,0.843745903062588
"resignation","elite","linear_month_baseline_SE",601,-0.244441189169564,0.0256776955808826,598,4.23034053435622e-20,-0.294870614333287,-0.19401176400584
"resignation","elite","linear_month_month_CR2",601,-0.244441189169564,0.0302065605178605,11.3059506972044,4.91448761394644e-06,-0.310706533046817,-0.17817584529231
"rich_landowner_influences_gp","elite","baseline_HC2",588,-0.0828842855578938,0.0227679390980217,586,0.000296292733537207,-0.127600983802224,-0.038167587313564
"rich_landowner_influences_gp","elite","election_month_CR2",588,-0.0828842855578942,0.0242286638914071,9.49392809114316,0.00704532813176044,-0.137261728415516,-0.0285068427002723
"rich_landowner_influences_gp","elite","year_FE_baseline_SE",588,-0.122653638467472,0.16800734072554,580,0.465654814405286,-0.452630557920567,0.207323280985623
"rich_landowner_influences_gp","elite","year_FE_month_CR2",588,-0.122653638467473,0.124698989963515,2.41977841547322,0.413197432897648,-0.579162419083156,0.33385514214821
"rich_landowner_influences_gp","elite","linear_month_baseline_SE",588,-0.0905597315944537,0.0237867332184954,585,0.000155405525443037,-0.137277527613528,-0.0438419355753794
"rich_landowner_influences_gp","elite","linear_month_month_CR2",588,-0.0905597315944539,0.0251746011545114,11.3580689254265,0.0039866666382335,-0.145756278854482,-0.0353631843344256
"sarpanch_nominate_BDO","citizen","baseline_GP_CR2",3603,0.081635694249649,0.0211191218836294,491.164060081468,0.000125760656586704,0.0401407252677226,0.123130663231575
"sarpanch_nominate_BDO","citizen","election_month_CR2",3603,0.0816356942496477,0.0239508867691215,9.74542420122142,0.00692531250469934,0.028080225759948,0.135191162739347
"sarpanch_nominate_BDO","citizen","year_FE_baseline_SE",3603,0.147453478427557,0.0820564051269099,5.46311009630002,0.127297220563853,-0.0582128665280689,0.353119823383182
"sarpanch_nominate_BDO","citizen","year_FE_month_CR2",3603,0.147453478427567,0.0648832431773967,2.4162953266858,0.128847204591107,-0.0903324611088679,0.385239417964002
"sarpanch_nominate_BDO","citizen","linear_month_baseline_SE",3603,0.084326837767668,0.0212849169993954,477.560978701152,8.57354829563479e-05,0.0425031708663862,0.12615050466895
"sarpanch_nominate_BDO","citizen","linear_month_month_CR2",3603,0.0843268377676681,0.0263968052355482,11.2809624469624,0.00828535984650272,0.0264039181537169,0.142249757381619
"sarpanch_inauguralevents","citizen","baseline_GP_CR2",3536,0.131690232861849,0.0205308544507416,487.578862229315,3.3510079207884e-10,0.0913503623284798,0.172030103395218
"sarpanch_inauguralevents","citizen","election_month_CR2",3536,0.131690232861851,0.0375621676572564,9.69304098336399,0.00594447593776343,0.0476358535120134,0.215744612211689
"sarpanch_inauguralevents","citizen","year_FE_baseline_SE",3536,-0.0257270224118859,0.128443706837448,5.37902102671361,0.8486024981163,-0.3490256873343,0.297571642510528
"sarpanch_inauguralevents","citizen","year_FE_month_CR2",3536,-0.0257270224118887,0.0952472781778547,2.34741746050159,0.809014203181965,-0.382571220541714,0.331117175717937
"sarpanch_inauguralevents","citizen","linear_month_baseline_SE",3536,0.125582453942376,0.0204058571093027,474.039035544394,1.60748085291978e-09,0.0854853334843428,0.165679574400409
"sarpanch_inauguralevents","citizen","linear_month_month_CR2",3536,0.125582453942378,0.0315745316842006,11.2886213615782,0.00206287176829434,0.0563035467718733,0.194861361112882
"other_nominate_BDO","citizen","baseline_GP_CR2",3603,-0.0521602773881878,0.0135845729237298,491.164060081468,0.000139315061998614,-0.0788513223667118,-0.0254692324096639
"other_nominate_BDO","citizen","election_month_CR2",3603,-0.0521602773881874,0.0165815362241583,9.74542420122142,0.0107336897686654,-0.0892374824755838,-0.015083072300791
"other_nominate_BDO","citizen","year_FE_baseline_SE",3603,-0.152171989737236,0.0951178917130196,5.46311009630002,0.165580389198427,-0.390575671914709,0.0862316924402358
"other_nominate_BDO","citizen","year_FE_month_CR2",3603,-0.152171989737242,0.0521588413749877,2.4162953266858,0.0800782636161116,-0.34332518267449,0.0389812032000068
"other_nominate_BDO","citizen","linear_month_baseline_SE",3603,-0.0573456673531032,0.0138545556558427,477.560978701152,4.12149536186791e-05,-0.08456909137828,-0.0301222433279264
"other_nominate_BDO","citizen","linear_month_month_CR2",3603,-0.0573456673531014,0.0165242037579526,11.2809624469624,0.00505027879453748,-0.0936049842445064,-0.0210863504616965
"formersarpanch_otherperson_inauguralevents","citizen","baseline_GP_CR2",3536,-0.0573171913421528,0.0152050192890694,487.578862229315,0.000183531196229003,-0.0871926410488397,-0.0274417416354659
"formersarpanch_otherperson_inauguralevents","citizen","election_month_CR2",3536,-0.0573171913421532,0.0219229934954483,9.69304098336399,0.0264693404745248,-0.10637515915074,-0.00825922353356601
"formersarpanch_otherperson_inauguralevents","citizen","year_FE_baseline_SE",3536,-0.00296264255579538,0.102797156481311,5.37902102671361,0.978046985791994,-0.26170777119248,0.255782486080889
"formersarpanch_otherperson_inauguralevents","citizen","year_FE_month_CR2",3536,-0.0029626425557725,0.0691113777915518,2.34741746050159,0.969181260562725,-0.261888615680406,0.255963330568861
"formersarpanch_otherperson_inauguralevents","citizen","linear_month_baseline_SE",3536,-0.0564858766054178,0.0153428494402838,474.039035544394,0.000258450778748548,-0.0866342834516103,-0.0263374697592253
"formersarpanch_otherperson_inauguralevents","citizen","linear_month_month_CR2",3536,-0.0564858766054149,0.0221100850966723,11.2886213615782,0.0262971935540698,-0.104998473665114,-0.00797327954571598
"resignation_reported","citizen","baseline_GP_CR2",3578,-0.179707789704905,0.0197222011053479,493.903039635451,2.02305822743888e-18,-0.218457550106308,-0.140958029303502
"resignation_reported","citizen","election_month_CR2",3578,-0.179707789704897,0.0840925197651356,9.80396185948489,0.0588636568872601,-0.367586691436595,0.00817111202680099
"resignation_reported","citizen","year_FE_baseline_SE",3578,0.0625320867408484,0.107109613002397,5.460835661844,0.58263385877292,-0.205957938997159,0.331022112478855
"resignation_reported","citizen","year_FE_month_CR2",3578,0.0625320867408711,0.10959177233079,2.4176102451158,0.616905234561895,-0.338939607327708,0.46400378080945
"resignation_reported","citizen","linear_month_baseline_SE",3578,-0.214631084744294,0.0204172626392794,480.021161887392,2.11326111289186e-23,-0.254749337145476,-0.174512832343112
"resignation_reported","citizen","linear_month_month_CR2",3578,-0.2146310847443,0.029262891458192,11.2911726659314,1.27578717706925e-05,-0.278836211895511,-0.150425957593089
"resigned","admin","baseline_HC2",1366,-0.137513751375138,0.01694851767538,1364,1.08594231165364e-15,-0.170761738231491,-0.104265764518786
