"outcome","minimum","maximum","cohort_at_minimum","cohort_at_maximum","minimum_p","maximum_p"
"avg_prop_land_held_sarpanch_caste",0.139655147431718,0.169760890926957,"2017-10","2017-11",1.85768485517924e-07,0.000153921916985746
"formersarpanch_otherperson_inauguralevents",-0.067721054635624,-0.0415507890610391,"2021-02","2021-01",2.50175926400314e-05,0.0145344307176513
"i_decide_masik_sabha",0.096938223520502,0.133703522238554,"2015-08","2021-02",0.000451498214712606,0.0125986144735694
"most_influential_gd",0.0993993993993994,0.162329586223392,"2017-10","2018-09",1.63520093834354e-05,0.0145254071177162
"other_nominate_BDO",-0.0624001516190354,-0.0468537761740804,"2021-02","2015-11",1.32281986796263e-05,0.000765542474727613
"pacca_house",0.0716058135412976,0.132412479161705,"2021-01","2021-02",0.00184893937879331,0.124469483066601
"prop_speakingtime_sarpanch",0.0449501424501424,0.0556914583001541,"2021-01","2021-02",5.60576772266947e-05,0.00310792900213194
"resignation",-0.307471264367816,-0.178472296359559,"2021-01","2015-08",3.11978079451707e-18,1.94044427384049e-12
"resignation_reported",-0.272702291520066,-0.15525647298682,"2021-01","2015-10",1.41472851044376e-20,2.21190562716393e-14
"rich_landowner_influences_gp",-0.0950217841582744,-0.0734339920558558,"2017-11","2015-12",2.34494555059461e-05,0.00245576299501029
"sarpanch_inauguralevents",0.0910943276797152,0.141939615218863,"2021-01","2015-10",4.42146349648993e-11,5.03009093067551e-05
"sarpanch_land_own_name",0.132420091324201,0.167995577123902,"2017-12","2018-09",6.30401636220855e-05,0.00273909971184282
"sarpanch_male",0.145781314309233,0.176536741552221,"2017-12","2021-02",3.1476336219253e-05,0.00143579384448697
"sarpanch_maratha",0.0796981091962424,0.124351487165558,"2021-02","2017-11",0.00225577824528128,0.0562853988741846
"sarpanch_nominate_BDO",0.0720662060738606,0.0958276894262444,"2021-01","2021-02",1.20553441001816e-05,0.00297106588641918
"sarpanch_uncontested",-0.304974595297177,-0.261065943992774,"2021-01","2017-10",8.50320493692827e-17,1.72143265474627e-11
"three_four_wheeler",0.107312440645774,0.131526024714879,"2015-08","2021-02",0.000264449712945192,0.00645183653140751
