"outcome","n","clusters","estimate","p","monte_carlo_se","lower","upper","draws","seed","weights","null_imposed","algorithm"
"most_influential_gd",604,49,0.150681450681451,0.0196019601960196,0.0013863493541321,0.0316605152263347,0.248515060620851,9999,20261002,"Rademacher",TRUE,"fnw11"
"prop_speakingtime_sarpanch",603,49,0.0519533041484263,0.0025002500250025,0.000499424488750295,0.0237961721613812,0.0705209794144487,9999,20261002,"Rademacher",TRUE,"fnw11"
"i_decide_masik_sabha",595,49,0.114260008996854,0.013001300130013,0.00113285257999046,0.0346405481733884,0.217735813738923,9999,20261002,"Rademacher",TRUE,"fnw11"
"sarpanch_maratha",603,49,0.0980396705718592,0.0564056405640564,0.00230714904618961,-0.00491502309660395,0.186179156834849,9999,20261002,"Rademacher",TRUE,"fnw11"
"avg_prop_land_held_sarpanch_caste",382,31,0.154182681149329,0.0001000100010001,0.000100004999874906,0.0759934553216379,0.214192155766061,9999,20261002,"Rademacher",TRUE,"fnw11"
"sarpanch_male",604,49,0.160337260337259,0.007000700070007,0.000833809660959113,0.0717025134439947,0.222120447933869,9999,20261002,"Rademacher",TRUE,"fnw11"
"sarpanch_land_own_name",596,49,0.154930913835023,0.006000600060006,0.000772346384588136,0.0697545059150544,0.242367099837038,9999,20261002,"Rademacher",TRUE,"fnw11"
"three_four_wheeler",604,49,0.11875721875722,0.0035003500350035,0.000590630716207588,0.0554928538594845,0.172183921688608,9999,20261002,"Rademacher",TRUE,"fnw11"
"pacca_house",604,49,0.104573804573804,0.104110411041104,0.00305418993237322,-0.0306022922883509,0.201916460930279,9999,20261002,"Rademacher",TRUE,"fnw11"
"sarpanch_uncontested",603,49,-0.281008963935796,0,0,-0.36220716210438,-0.207671841269049,9999,20261002,"Rademacher",TRUE,"fnw11"
"resignation",601,49,-0.207200261657792,0.0297029702970297,0.00169775104803928,-0.441383724017887,-0.0209297673866947,9999,20261002,"Rademacher",TRUE,"fnw11"
"rich_landowner_influences_gp",588,48,-0.0828842855578931,0.0041004100410041,0.000639062209726693,-0.144072143769913,-0.0360554417902457,9999,20261002,"Rademacher",TRUE,"fnw11"
"sarpanch_nominate_BDO",3603,49,0.0816356942496553,0.021002100210021,0.00143398285567226,0.0190737063255097,0.124841505874652,9999,20261002,"Rademacher",TRUE,"fnw11"
"sarpanch_inauguralevents",3536,49,0.131690232861855,0.0067006700670067,0.000815869887379903,0.0379173119275978,0.208984811191106,9999,20261002,"Rademacher",TRUE,"fnw11"
"other_nominate_BDO",3603,49,-0.0521602773881906,0.0028002800280028,0.000528461704529356,-0.0961534680918257,-0.0234442996984092,9999,20261002,"Rademacher",TRUE,"fnw11"
"formersarpanch_otherperson_inauguralevents",3536,49,-0.0573171913421514,0.0552055205520552,0.002283923977749,-0.09476750512374,0.00225468251783082,9999,20261002,"Rademacher",TRUE,"fnw11"
"resignation_reported",3578,49,-0.179707789704915,0.0393039303930393,0.00194326806538553,-0.408362179042372,-0.00863746339335225,9999,20261002,"Rademacher",TRUE,"fnw11"
