"direct","category","n","total_records","answered","proportion_all","proportion_answered","question"
0,"current_president",1287,2243,2208,0.573785109228712,0.582880434782609,"bdo"
0,"former_president_or_other",370,2243,2208,0.164957646009808,0.167572463768116,"bdo"
0,"missing",35,2243,2208,0.0156041016495765,,"bdo"
0,"other_released_categories",551,2243,2208,0.245653143111904,0.249547101449275,"bdo"
1,"current_president",927,1415,1395,0.655123674911661,0.664516129032258,"bdo"
1,"former_president_or_other",161,1415,1395,0.113780918727915,0.115412186379928,"bdo"
1,"missing",20,1415,1395,0.0141342756183746,,"bdo"
1,"other_released_categories",307,1415,1395,0.216961130742049,0.220071684587814,"bdo"
0,"current_president",1340,2243,2173,0.597414177440927,0.616658996778647,"events"
0,"former_president_or_other",445,2243,2173,0.198395006687472,0.204786010124252,"events"
0,"missing",70,2243,2173,0.0312082032991529,,"events"
0,"other_released_categories",388,2243,2173,0.172982612572448,0.178554993097101,"events"
1,"current_president",1020,1415,1363,0.720848056537102,0.748349229640499,"events"
1,"former_president_or_other",201,1415,1363,0.142049469964664,0.147468818782098,"events"
1,"missing",52,1415,1363,0.0367491166077739,,"events"
1,"other_released_categories",142,1415,1363,0.100353356890459,0.104181951577403,"events"
