"r_villageid","direct","n"
1101,1,6
1102,0,6
1103,1,6
1104,0,6
1105,0,6
1106,0,6
1107,0,6
1108,0,6
1109,0,6
1110,0,6
1111,1,6
1112,0,6
1113,1,6
1114,0,5
1115,0,6
1116,0,6
1118,1,6
1119,0,7
1120,1,6
1121,0,6
1122,0,6
1123,0,6
1124,0,6
1201,0,7
1202,0,6
1203,0,6
1204,1,6
1205,1,6
1206,0,6
1208,0,5
1209,0,6
1210,0,7
1211,1,6
1212,0,6
1213,1,7
1214,0,6
1215,1,4
1216,1,6
1217,0,6
1218,0,6
1219,0,6
1220,0,6
1221,1,7
1222,0,9
1223,0,6
1301,0,6
1302,0,6
1304,0,6
1306,0,6
1307,0,6
1308,0,7
1309,1,6
1310,1,6
1311,1,6
1312,1,6
1313,0,6
1314,0,6
1315,0,9
1316,0,7
1317,0,6
1318,0,6
1319,1,6
1320,0,6
1321,0,7
1323,0,6
1324,0,6
1325,0,6
1401,0,6
1402,1,6
1403,0,6
1404,0,6
1405,1,6
1406,0,6
1407,0,6
1408,0,6
1409,0,6
1410,0,6
1411,0,6
1412,1,6
1413,0,6
1414,0,6
1415,1,6
1416,0,6
1417,0,6
1418,0,6
1419,1,6
1420,0,6
1421,0,6
1422,0,6
1423,0,6
1501,0,6
1502,0,6
1503,1,6
1504,0,6
1505,0,8
1506,0,6
1507,0,6
1508,0,6
1509,0,6
1510,0,6
1511,0,6
1512,0,8
1513,0,6
1514,0,6
1515,0,6
1516,0,6
1517,0,6
1519,0,6
1520,0,6
1521,0,6
1522,0,6
1523,0,6
1524,0,6
1525,1,6
1526,1,6
2101,1,6
2102,0,5
2103,0,7
2104,0,6
2105,0,6
2106,0,6
2107,0,6
2108,1,6
2109,0,6
2110,1,6
2111,0,6
2112,1,6
2113,0,6
2114,1,6
2115,1,6
2116,0,6
2117,1,7
2118,0,6
2119,1,6
2120,0,6
2121,1,6
2122,1,6
2123,1,6
2124,0,6
2201,1,6
2202,0,6
2203,0,6
2204,0,6
2205,0,6
2206,1,6
2207,1,6
2208,0,6
2209,1,6
2210,1,6
2211,0,6
2212,0,6
2213,1,6
2214,0,6
2215,0,7
2216,0,6
2217,0,6
2218,1,6
2219,0,6
2220,1,6
2221,0,6
2222,0,6
2223,1,6
2224,1,6
2225,1,6
2301,0,6
2302,1,6
2303,0,6
2304,1,6
2305,0,6
2306,0,6
2307,0,6
2308,0,6
2309,1,6
2310,0,6
2311,0,6
2312,0,6
2313,0,6
2314,0,6
2315,0,6
2316,0,10
2317,0,6
2318,1,6
2319,1,6
2320,0,7
2321,0,6
2322,1,6
2323,1,7
2324,1,6
2325,1,7
2402,0,6
2406,0,8
2407,0,7
2409,0,6
2412,1,6
2414,1,6
2415,0,8
2416,0,6
2419,0,6
2422,0,6
2423,1,6
2501,0,6
2502,0,6
2503,0,6
2504,0,6
2505,1,6
2506,0,6
2507,1,6
2508,0,6
2510,1,6
2511,0,6
2512,1,6
2513,0,6
2514,0,6
2515,1,6
2516,1,6
2517,0,6
2518,1,6
2519,0,6
2521,0,6
2522,0,6
2601,0,5
2602,1,6
2604,1,6
2605,0,6
2606,0,5
2607,1,6
2609,0,6
2610,1,6
2611,0,7
2612,1,7
2613,1,6
2614,0,6
2615,0,6
2616,0,6
2617,1,6
2618,0,6
2619,0,6
2621,0,6
2622,0,6
2623,1,6
2624,0,6
2625,0,6
3101,0,6
3103,0,6
3104,1,6
3105,1,6
3106,1,6
3107,1,6
3109,1,6
3110,1,6
3111,1,6
3112,1,6
3114,0,6
3117,1,6
3119,1,6
3201,1,6
3202,1,6
3204,1,6
3205,1,6
3206,1,6
3207,1,6
3208,1,6
3209,1,6
3210,1,6
3211,1,7
3212,1,6
3213,1,7
3301,1,6
3305,1,7
3307,1,7
3308,1,6
3310,0,6
3312,1,7
3313,1,6
3314,1,6
3315,1,6
3316,1,6
3401,1,7
3402,1,6
3404,1,6
3408,1,6
3409,1,6
3410,1,6
3413,1,6
3414,1,6
3416,1,6
3417,1,6
3418,1,6
3419,1,6
3421,1,6
3423,1,6
3424,1,6
3503,1,6
3513,1,6
3515,1,6
3517,1,7
3527,1,6
3529,1,6
3531,1,6
3533,1,7
3601,1,6
3602,1,6
3604,1,6
3605,1,5
3606,1,6
3607,1,6
3608,1,6
3610,1,6
3611,1,6
3701,1,6
3702,1,6
3704,1,6
3705,1,6
3706,1,6
3707,1,6
3708,1,6
3709,1,6
3710,1,6
3711,1,6
3803,1,6
3805,1,6
3806,1,6
3807,1,6
3901,1,6
3902,1,6
3907,1,6
3908,1,6
3910,1,6
3912,1,6
3914,1,6
3915,1,6
3917,1,6
3918,1,6
3919,1,6
3920,1,6
3921,1,6
3924,1,6
3925,1,7
3926,1,6
3927,1,6
3929,1,6
3930,1,6
3950,1,6
3951,0,6
3953,0,6
3954,0,6
3955,0,6
3956,0,6
3957,1,6
3958,0,6
3960,0,6
3961,0,6
3963,0,6
3964,0,6
3965,0,6
3966,0,6
3967,0,6
3968,0,6
3969,0,6
3970,0,6
3971,0,6
3972,0,6
3973,0,6
3974,0,6
4101,0,6
4102,0,6
4104,0,5
4105,0,6
4106,0,6
4107,0,6
4108,0,6
4109,0,6
4110,0,6
4112,0,7
4113,0,6
4114,0,7
4115,0,6
4116,0,7
4118,0,6
4119,0,6
4120,0,6
4121,0,6
4122,0,6
4124,0,6
4128,0,6
4129,0,6
4201,0,6
4202,0,6
4203,0,6
4204,0,6
4205,0,6
4206,0,6
4207,0,6
4208,0,6
4209,0,6
4210,0,6
4212,0,6
4213,0,6
4214,0,6
4215,0,6
4216,0,6
4217,0,6
4218,0,6
4220,0,6
4221,0,6
4222,1,6
4224,1,6
4225,1,6
4226,0,6
4227,1,6
4228,1,6
4301,0,6
4302,1,6
4303,0,6
4304,0,6
4305,1,6
4306,0,6
4307,0,6
4308,0,6
4309,0,6
4310,1,6
4311,0,6
4312,0,7
4313,0,6
4314,0,6
4315,1,6
4316,1,6
4320,1,6
4401,0,6
4402,0,6
4403,0,6
4404,0,6
4405,0,6
4406,0,6
4407,0,6
4408,1,6
4409,0,6
4410,1,6
4411,0,6
4412,1,6
4413,0,6
4414,0,6
4415,0,6
4501,0,6
4502,1,1
4503,1,6
4505,1,6
4507,0,6
4508,0,6
4509,0,6
4510,0,6
4511,0,6
4513,1,6
4515,0,6
4516,0,6
4517,1,6
4518,1,6
4519,0,6
4521,1,6
4522,1,6
4523,1,6
4524,0,6
4525,0,6
4527,0,6
4601,1,7
4602,1,6
4603,0,6
4604,0,4
4605,0,6
4606,0,6
4607,0,6
4609,0,6
4610,0,6
4611,0,6
4612,0,5
4614,1,6
4615,0,6
4616,1,6
4617,0,6
4618,0,6
4619,1,6
4621,1,7
4622,0,6
4623,0,6
4624,1,6
5101,0,6
5102,0,6
5103,0,6
5104,0,6
5105,0,6
5106,1,6
5107,0,6
5108,0,6
5109,0,6
5110,0,6
5111,0,6
5112,0,6
5113,0,6
5114,1,6
5115,1,6
5116,0,6
5117,1,6
5118,0,6
5119,0,6
5120,1,6
5121,1,6
5122,1,6
5123,0,6
5124,0,6
5201,0,5
5202,0,5
5203,1,7
5204,1,5
5206,0,6
5207,1,6
5208,1,6
5210,1,7
5211,0,6
5212,0,6
5213,0,6
5214,1,6
5215,1,6
5216,1,6
5217,0,6
5218,1,6
5219,0,6
5220,1,6
5221,0,6
5222,1,6
5223,0,6
5224,0,6
5225,0,6
5227,0,6
5228,0,6
5229,0,6
5230,0,6
5301,0,6
5302,1,6
5303,0,6
5304,0,6
5305,0,5
5306,0,6
5307,0,7
5308,0,6
5309,0,6
5312,0,6
5314,0,6
5315,0,6
5316,0,6
5317,1,6
5318,0,6
5319,1,6
5322,0,6
5323,0,6
5324,0,6
5325,1,6
5326,0,6
5327,0,6
5328,0,6
5329,0,6
5330,0,6
5401,1,6
5402,0,7
5403,0,6
5404,0,5
5405,0,6
5406,0,6
5407,0,6
5408,0,6
5409,1,7
5411,0,6
5412,1,6
5415,1,6
5417,0,6
5418,1,6
5419,0,6
5420,0,6
5421,0,6
5422,0,6
5423,0,6
5424,1,6
5425,0,6
5426,0,6
5427,0,6
5428,0,6
5430,0,6
5431,0,6
5501,0,6
5502,0,6
5503,0,6
5504,0,6
5505,0,7
5507,0,6
5508,0,6
5512,0,6
5513,0,6
5514,1,6
5515,1,6
5517,0,6
5518,0,6
5520,1,6
5521,0,6
5523,0,6
5524,0,6
