"source","variable","period","total","n","missing","missing_rate","mean","sum","se"
"elite","most_influential_gd","early_indirect",159,159,0,0,0.182389937106918,29,0.0307216832621906
"elite","most_influential_gd","direct",234,234,0,0,0.329059829059829,77,0.0307823215776882
"elite","most_influential_gd","late_indirect",211,211,0,0,0.175355450236967,37,0.026241181403896
"elite","prop_speakingtime_sarpanch","early_indirect",159,158,1,0.00628930817610063,0.257721518987342,40.72,0.0125846000261465
"elite","prop_speakingtime_sarpanch","direct",234,234,0,0,0.310598290598291,72.68,0.0109204736521693
"elite","prop_speakingtime_sarpanch","late_indirect",211,211,0,0,0.259336492890995,54.72,0.00976813928039703
"elite","i_decide_masik_sabha","early_indirect",159,151,8,0.050314465408805,0.158940397350993,24,0.029852788528701
"elite","i_decide_masik_sabha","direct",234,234,0,0,0.324786324786325,76,0.0306790227654988
"elite","i_decide_masik_sabha","late_indirect",211,210,1,0.004739336492891,0.247619047619048,52,0.0298564231646719
"elite","sarpanch_maratha","early_indirect",159,159,0,0,0.289308176100629,46,0.0360738478979479
"elite","sarpanch_maratha","direct",234,233,1,0.00427350427350427,0.330472103004292,77,0.0308821656587873
"elite","sarpanch_maratha","late_indirect",211,211,0,0,0.18957345971564,40,0.0270480492287585
"elite","avg_prop_land_held_sarpanch_caste","early_indirect",159,6,153,0.962264150943396,0.293888888888889,1.76333333333333,0.123160289014452
"elite","avg_prop_land_held_sarpanch_caste","direct",234,167,67,0.286324786324786,0.442884231536926,73.9616666666667,0.0244828440342698
"elite","avg_prop_land_held_sarpanch_caste","late_indirect",211,209,2,0.00947867298578199,0.288552631578947,60.3075,0.0185852508847063
"elite","sarpanch_male","early_indirect",159,159,0,0,0.314465408805031,50,0.0369379325004229
"elite","sarpanch_male","direct",234,234,0,0,0.517094017094017,121,0.0327369404934818
"elite","sarpanch_male","late_indirect",211,211,0,0,0.388625592417062,82,0.0336364131868135
"elite","sarpanch_land_own_name","early_indirect",159,155,4,0.0251572327044025,0.32258064516129,50,0.0376693037497511
"elite","sarpanch_land_own_name","direct",234,231,3,0.0128205128205128,0.489177489177489,113,0.0329612996564348
"elite","sarpanch_land_own_name","late_indirect",211,210,1,0.004739336492891,0.342857142857143,72,0.0328332106964316
"elite","three_four_wheeler","early_indirect",159,159,0,0,0.138364779874214,22,0.0274691965069569
"elite","three_four_wheeler","direct",234,234,0,0,0.286324786324786,67,0.0296143236904567
"elite","three_four_wheeler","late_indirect",211,211,0,0,0.18957345971564,40,0.0270480492287585
"elite","pacca_house","early_indirect",159,159,0,0,0.484276729559748,77,0.0397581914787685
"elite","pacca_house","direct",234,234,0,0,0.615384615384615,144,0.0318719534794247
"elite","pacca_house","late_indirect",211,211,0,0,0.530805687203792,112,0.0344377291461326
"elite","sarpanch_uncontested","early_indirect",159,159,0,0,0.433962264150943,69,0.0394293967186222
"elite","sarpanch_uncontested","direct",234,234,0,0,0.128205128205128,30,0.0219019051150734
"elite","sarpanch_uncontested","late_indirect",211,210,1,0.004739336492891,0.39047619047619,82,0.0337457801825808
"elite","resignation","early_indirect",159,158,1,0.00628930817610063,0.417721518987342,66,0.0393603515113512
"elite","resignation","direct",234,232,2,0.00854700854700855,0.0258620689655172,6,0.0104432546954245
"elite","resignation","late_indirect",211,211,0,0,0.0947867298578199,20,0.0202134097051438
"elite","rich_landowner_influences_gp","early_indirect",159,149,10,0.0628930817610063,0.167785234899329,25,0.0307159336511448
"elite","rich_landowner_influences_gp","direct",234,229,5,0.0213675213675214,0.0480349344978166,11,0.0141619052213421
"elite","rich_landowner_influences_gp","late_indirect",211,210,1,0.004739336492891,0.104761904761905,22,0.0211835053725468
"citizen","sarpanch_nominate_BDO","early_indirect",979,955,24,0.024514811031665,0.570680628272251,545,0.0160255380828836
"citizen","sarpanch_nominate_BDO","direct",1415,1395,20,0.0141342756183746,0.664516129032258,927,0.0126461171046744
"citizen","sarpanch_nominate_BDO","late_indirect",1264,1253,11,0.00870253164556962,0.592178770949721,742,0.0138886222938852
"citizen","sarpanch_inauguralevents","early_indirect",979,933,46,0.0469867211440245,0.648445873526259,605,0.0156395772390336
"citizen","sarpanch_inauguralevents","direct",1415,1363,52,0.0367491166077739,0.748349229640499,1020,0.0117587927589962
"citizen","sarpanch_inauguralevents","late_indirect",1264,1240,24,0.0189873417721519,0.592741935483871,735,0.0139582836743542
"citizen","other_nominate_BDO","early_indirect",979,955,24,0.024514811031665,0.191623036649215,183,0.0127425585006753
"citizen","other_nominate_BDO","direct",1415,1395,20,0.0141342756183746,0.115412186379928,161,0.00855785499273667
"citizen","other_nominate_BDO","late_indirect",1264,1253,11,0.00870253164556962,0.149241819632881,187,0.0100703872222645
"citizen","formersarpanch_otherperson_inauguralevents","early_indirect",979,933,46,0.0469867211440245,0.203644158628081,190,0.0131911180647844
"citizen","formersarpanch_otherperson_inauguralevents","direct",1415,1363,52,0.0367491166077739,0.147468818782098,201,0.00960763914844274
"citizen","formersarpanch_otherperson_inauguralevents","late_indirect",1264,1240,24,0.0189873417721519,0.205645161290323,255,0.0114823522845116
"citizen","resignation_reported","early_indirect",979,953,26,0.0265577119509704,0.390346274921301,372,0.0158105930801662
"citizen","resignation_reported","direct",1415,1399,16,0.0113074204946996,0.0300214438884918,42,0.00456397512617226
"citizen","resignation_reported","late_indirect",1264,1226,38,0.0300632911392405,0.0693311582381729,85,0.00725761239963177
