"level","total","observed","missing","missing_rate","observed_mean","group","pearson_p","min_expected"
"0",370,215,155,0.418918918918919,0.288701550387597,"direct",0.00134586747307217,86.0066225165563
"1",234,167,67,0.286324786324786,0.442884231536926,"direct",0.00134586747307217,86.0066225165563
"direct",234,167,67,0.286324786324786,0.442884231536926,"period",5.67573984794187e-80,58.4403973509934
"early_indirect",159,6,153,0.962264150943396,0.293888888888889,"period",5.67573984794187e-80,58.4403973509934
"late_indirect",211,209,2,0.00947867298578199,0.288552631578947,"period",5.67573984794187e-80,58.4403973509934
"2015",142,0,142,1,,"sarpanch_election_year",4.10215850833793e-78,3.30794701986755
"2016",12,3,9,0.75,0.226666666666667,"sarpanch_election_year",4.10215850833793e-78,3.30794701986755
"2017",153,112,41,0.26797385620915,0.425111607142857,"sarpanch_election_year",4.10215850833793e-78,3.30794701986755
"2018",59,40,19,0.322033898305085,0.4448125,"sarpanch_election_year",4.10215850833793e-78,3.30794701986755
"2019",26,17,9,0.346153846153846,0.563529411764706,"sarpanch_election_year",4.10215850833793e-78,3.30794701986755
"2020",9,9,0,0,0.235555555555556,"sarpanch_election_year",4.10215850833793e-78,3.30794701986755
"2021",203,201,2,0.00985221674876847,0.28978855721393,"sarpanch_election_year",4.10215850833793e-78,3.30794701986755
"0",312,197,115,0.368589743589744,0.348900169204738,"reserved_women",0.999999999999998,107.324503311258
"1",292,185,107,0.366438356164384,0.363779279279279,"reserved_women",0.999999999999998,107.324503311258
"0",410,253,157,0.382926829268293,0.471396574440053,"reserved_sc",0.294118164591284,71.3046357615894
"1",194,129,65,0.335051546391753,0.12999354005168,"reserved_sc",0.294118164591284,71.3046357615894
"0",417,263,154,0.369304556354916,0.339923954372624,"reserved_obc",0.966251070306378,68.7317880794702
"1",187,119,68,0.363636363636364,0.39186974789916,"reserved_obc",0.966251070306378,68.7317880794702
"0",440,281,159,0.361363636363636,0.274777580071174,"sarpanch_maratha",0.635930455205642,60.0099502487562
"1",163,100,63,0.386503067484663,0.5812,"sarpanch_maratha",0.635930455205642,60.0099502487562
,1,1,0,0,0.7,"sarpanch_maratha",0.635930455205642,60.0099502487562
