"election_time","direct","total","n","positive","mean","unit","variable"
"2015-01-01",0,2,2,0,0,"election_date","resignation"
"2015-04-01",0,2,2,2,1,"election_date","resignation"
"2015-05-01",0,2,2,1,0.5,"election_date","resignation"
"2015-06-01",0,7,7,3,0.428571428571429,"election_date","resignation"
"2015-07-01",0,19,19,10,0.526315789473684,"election_date","resignation"
"2015-08-01",0,46,46,20,0.434782608695652,"election_date","resignation"
"2015-09-01",0,6,6,5,0.833333333333333,"election_date","resignation"
"2015-10-01",0,31,31,14,0.451612903225806,"election_date","resignation"
"2015-11-01",0,22,22,4,0.181818181818182,"election_date","resignation"
"2015-12-01",0,5,5,4,0.8,"election_date","resignation"
"2016-01-01",0,1,1,0,0,"election_date","resignation"
"2016-03-01",0,3,3,0,0,"election_date","resignation"
"2016-08-01",0,3,2,1,0.5,"election_date","resignation"
"2016-10-01",0,2,2,1,0.5,"election_date","resignation"
"2016-11-01",0,3,3,0,0,"election_date","resignation"
"2017-02-01",0,3,3,0,0,"election_date","resignation"
"2017-05-01",0,1,1,1,1,"election_date","resignation"
"2017-06-01",0,1,1,0,0,"election_date","resignation"
"2017-08-01",1,1,1,0,0,"election_date","resignation"
"2017-09-01",1,4,4,0,0,"election_date","resignation"
"2017-10-01",1,72,71,1,0.0140845070422535,"election_date","resignation"
"2017-11-01",1,34,34,2,0.0588235294117647,"election_date","resignation"
"2017-12-01",1,37,37,0,0,"election_date","resignation"
"2018-01-01",1,8,8,1,0.125,"election_date","resignation"
"2018-02-01",1,5,5,0,0,"election_date","resignation"
"2018-03-01",1,1,1,0,0,"election_date","resignation"
"2018-04-01",1,1,1,0,0,"election_date","resignation"
"2018-05-01",1,13,12,0,0,"election_date","resignation"
"2018-06-01",1,1,1,0,0,"election_date","resignation"
"2018-07-01",1,4,4,0,0,"election_date","resignation"
"2018-08-01",1,5,5,0,0,"election_date","resignation"
"2018-09-01",1,8,8,0,0,"election_date","resignation"
"2018-10-01",1,1,1,0,0,"election_date","resignation"
"2018-11-01",1,1,1,0,0,"election_date","resignation"
"2018-12-01",1,11,11,0,0,"election_date","resignation"
"2019-01-01",1,7,7,0,0,"election_date","resignation"
"2019-02-01",1,4,4,0,0,"election_date","resignation"
"2019-03-01",1,8,8,1,0.125,"election_date","resignation"
"2019-05-01",1,1,1,0,0,"election_date","resignation"
"2019-06-01",1,2,2,0,0,"election_date","resignation"
"2019-07-01",1,1,1,0,0,"election_date","resignation"
"2019-08-01",1,1,1,0,0,"election_date","resignation"
"2019-12-01",1,2,2,0,0,"election_date","resignation"
"2020-01-01",1,1,1,1,1,"election_date","resignation"
"2020-02-01",0,2,2,1,0.5,"election_date","resignation"
"2020-12-01",0,6,6,0,0,"election_date","resignation"
"2021-01-01",0,153,153,14,0.0915032679738562,"election_date","resignation"
"2021-02-01",0,47,47,5,0.106382978723404,"election_date","resignation"
"2021-03-01",0,3,3,0,0,"election_date","resignation"
"2015",0,142,142,63,0.443661971830986,"sarpanch_election_year","resignation"
"2016",0,12,11,2,0.181818181818182,"sarpanch_election_year","resignation"
"2017",0,5,5,1,0.2,"sarpanch_election_year","resignation"
"2017",1,148,147,3,0.0204081632653061,"sarpanch_election_year","resignation"
"2018",1,59,58,1,0.0172413793103448,"sarpanch_election_year","resignation"
"2019",1,26,26,1,0.0384615384615385,"sarpanch_election_year","resignation"
"2020",0,8,8,1,0.125,"sarpanch_election_year","resignation"
"2020",1,1,1,1,1,"sarpanch_election_year","resignation"
"2021",0,203,203,19,0.0935960591133005,"sarpanch_election_year","resignation"
"2015-01-01",0,12,10,2,0.2,"election_date","resignation_reported"
"2015-04-01",0,13,13,11,0.846153846153846,"election_date","resignation_reported"
"2015-05-01",0,13,12,2,0.166666666666667,"election_date","resignation_reported"
"2015-06-01",0,42,42,16,0.380952380952381,"election_date","resignation_reported"
"2015-07-01",0,122,121,68,0.56198347107438,"election_date","resignation_reported"
"2015-08-01",0,276,272,91,0.334558823529412,"election_date","resignation_reported"
"2015-09-01",0,36,35,27,0.771428571428571,"election_date","resignation_reported"
"2015-10-01",0,192,182,87,0.478021978021978,"election_date","resignation_reported"
"2015-11-01",0,132,126,24,0.19047619047619,"election_date","resignation_reported"
"2015-12-01",0,30,29,23,0.793103448275862,"election_date","resignation_reported"
"2016-01-01",0,8,8,1,0.125,"election_date","resignation_reported"
"2016-03-01",0,18,18,1,0.0555555555555556,"election_date","resignation_reported"
"2016-08-01",0,21,21,12,0.571428571428571,"election_date","resignation_reported"
"2016-10-01",0,12,12,5,0.416666666666667,"election_date","resignation_reported"
"2016-11-01",0,22,22,0,0,"election_date","resignation_reported"
"2017-02-01",0,18,18,0,0,"election_date","resignation_reported"
"2017-05-01",0,6,6,2,0.333333333333333,"election_date","resignation_reported"
"2017-06-01",0,6,6,0,0,"election_date","resignation_reported"
"2017-08-01",1,7,6,0,0,"election_date","resignation_reported"
"2017-09-01",1,24,24,0,0,"election_date","resignation_reported"
"2017-10-01",1,437,433,21,0.0484988452655889,"election_date","resignation_reported"
"2017-11-01",1,200,199,5,0.0251256281407035,"election_date","resignation_reported"
"2017-12-01",1,225,220,4,0.0181818181818182,"election_date","resignation_reported"
"2018-01-01",1,48,48,3,0.0625,"election_date","resignation_reported"
"2018-02-01",1,32,30,1,0.0333333333333333,"election_date","resignation_reported"
"2018-03-01",1,6,6,0,0,"election_date","resignation_reported"
"2018-04-01",1,6,6,0,0,"election_date","resignation_reported"
"2018-05-01",1,81,81,0,0,"election_date","resignation_reported"
"2018-06-01",1,6,6,0,0,"election_date","resignation_reported"
"2018-07-01",1,24,24,0,0,"election_date","resignation_reported"
"2018-08-01",1,31,29,2,0.0689655172413793,"election_date","resignation_reported"
"2018-09-01",1,48,48,0,0,"election_date","resignation_reported"
"2018-10-01",1,6,6,0,0,"election_date","resignation_reported"
"2018-11-01",1,6,6,0,0,"election_date","resignation_reported"
"2018-12-01",1,66,66,0,0,"election_date","resignation_reported"
"2019-01-01",1,42,42,0,0,"election_date","resignation_reported"
"2019-02-01",1,23,23,1,0.0434782608695652,"election_date","resignation_reported"
"2019-03-01",1,49,49,1,0.0204081632653061,"election_date","resignation_reported"
"2019-05-01",1,6,5,0,0,"election_date","resignation_reported"
"2019-06-01",1,12,12,0,0,"election_date","resignation_reported"
"2019-07-01",1,6,6,0,0,"election_date","resignation_reported"
"2019-08-01",1,6,6,0,0,"election_date","resignation_reported"
"2019-12-01",1,12,12,0,0,"election_date","resignation_reported"
"2020-01-01",1,6,6,4,0.666666666666667,"election_date","resignation_reported"
"2020-02-01",0,11,11,2,0.181818181818182,"election_date","resignation_reported"
"2020-12-01",0,36,36,2,0.0555555555555556,"election_date","resignation_reported"
"2021-01-01",0,918,894,68,0.0760626398210291,"election_date","resignation_reported"
"2021-02-01",0,281,268,12,0.0447761194029851,"election_date","resignation_reported"
"2021-03-01",0,18,17,1,0.0588235294117647,"election_date","resignation_reported"
"2015",0,868,842,351,0.41686460807601,"sarpanch_election_year","resignation_reported"
"2016",0,81,81,19,0.234567901234568,"sarpanch_election_year","resignation_reported"
"2017",0,30,30,2,0.0666666666666667,"sarpanch_election_year","resignation_reported"
"2017",1,893,882,30,0.0340136054421769,"sarpanch_election_year","resignation_reported"
"2018",1,360,356,6,0.0168539325842697,"sarpanch_election_year","resignation_reported"
"2019",1,156,155,2,0.0129032258064516,"sarpanch_election_year","resignation_reported"
"2020",0,47,47,4,0.0851063829787234,"sarpanch_election_year","resignation_reported"
"2020",1,6,6,4,0.666666666666667,"sarpanch_election_year","resignation_reported"
"2021",0,1217,1179,81,0.0687022900763359,"sarpanch_election_year","resignation_reported"
