"source","variable","comparison","difference","se","ci_low","ci_high","p","n_model","method"
"elite","most_influential_gd","early_vs_direct",0.146669891952911,0.0434899200295261,0.0611665486271663,0.232173235278656,0.00081920942259732,393,"HC2"
"elite","most_influential_gd","late_vs_direct",0.153704378822862,0.0404493624570819,0.0742078953616153,0.23320086228411,0.000164975916139315,445,"HC2"
"elite","most_influential_gd","early_vs_late",-0.00703448686995153,0.0404032353151889,-0.0864846720842352,0.0724156983443322,0.861877094823533,370,"HC2"
"elite","prop_speakingtime_sarpanch","early_vs_direct",0.0528767716109489,0.0166621998129242,0.0201177982155469,0.0856357450063508,0.00162581419918879,392,"HC2"
"elite","prop_speakingtime_sarpanch","late_vs_direct",0.0512617977072954,0.0146517333373549,0.0224662566609442,0.0800573387536466,0.000514837472239616,445,"HC2"
"elite","prop_speakingtime_sarpanch","early_vs_late",0.00161497390365351,0.015930747089177,-0.0297120269238236,0.0329419747311307,0.919308420337144,369,"HC2"
"elite","i_decide_masik_sabha","early_vs_direct",0.165845927435331,0.042806441346897,0.0816808788249078,0.250010976045754,0.000125742725902798,385,"HC2"
"elite","i_decide_masik_sabha","late_vs_direct",0.0771672771672772,0.0428089761853044,-0.00696715543561414,0.161301709770169,0.0721327867805867,444,"HC2"
"elite","i_decide_masik_sabha","early_vs_late",0.0886786502680543,0.0422207885659104,0.00564750342654079,0.171709797109568,0.0363947844837747,361,"HC2"
"elite","sarpanch_maratha","early_vs_direct",0.0411639269036631,0.047487163085839,-0.0521989381212466,0.134526791928573,0.386560899754148,392,"HC2"
"elite","sarpanch_maratha","late_vs_direct",0.140898643288652,0.041052467926522,0.0602163564477904,0.221580930129513,0.000655145345637139,444,"HC2"
"elite","sarpanch_maratha","early_vs_late",-0.099734716384989,0.0450879082376375,-0.188396988909938,-0.0110724438600399,0.0275799539902678,370,"HC2"
"elite","avg_prop_land_held_sarpanch_caste","early_vs_direct",0.148995342648038,0.125570165414122,-0.0988718704852401,0.396862555781316,0.237050868697849,173,"HC2"
"elite","avg_prop_land_held_sarpanch_caste","late_vs_direct",0.154331599957979,0.0307379440180024,0.0938907450779009,0.214772454838056,7.9762374663329e-07,376,"HC2"
"elite","avg_prop_land_held_sarpanch_caste","early_vs_late",-0.00533625730994265,0.124554680123113,-0.2508539445343,0.240181429914414,0.965867069579277,215,"HC2"
"elite","sarpanch_male","early_vs_direct",0.202628608288986,0.0493570474226283,0.105590201033767,0.299667015544205,4.91695773614457e-05,393,"HC2"
"elite","sarpanch_male","late_vs_direct",0.128468424676956,0.0469373578820519,0.0362208670413002,0.220715982312611,0.00644931942365479,445,"HC2"
"elite","sarpanch_male","early_vs_late",0.0741601836120299,0.0499581740006561,-0.0240791317882244,0.172399499012284,0.138546811624768,370,"HC2"
"elite","sarpanch_land_own_name","early_vs_direct",0.166596844016199,0.0500542078154506,0.0681822146903353,0.265011473342063,0.000958111925218434,386,"HC2"
"elite","sarpanch_land_own_name","late_vs_direct",0.146320346320347,0.0465238325987614,0.0548832214232509,0.237757471217443,0.0017733294436114,441,"HC2"
"elite","sarpanch_land_own_name","early_vs_late",0.0202764976958526,0.0499699526678509,-0.0779904456337028,0.118543441025408,0.6851478811446,365,"HC2"
"elite","three_four_wheeler","early_vs_direct",0.147960006450573,0.0403926345313221,0.068546080285195,0.227373932615951,0.00028355951236765,393,"HC2"
"elite","three_four_wheeler","late_vs_direct",0.0967513266091464,0.0401074199459961,0.0179268741893297,0.175575779028963,0.0162574620335642,445,"HC2"
"elite","three_four_wheeler","early_vs_late",0.0512086798414259,0.0385506643758464,-0.0245985519532828,0.127015911636135,0.184886511803065,370,"HC2"
"elite","pacca_house","early_vs_direct",0.131107885824867,0.0509562087311942,0.0309254479918332,0.231290323657901,0.0104514224486191,393,"HC2"
"elite","pacca_house","late_vs_direct",0.0845789281808239,0.0469231137856068,-0.00764063505618873,0.176798491417836,0.072146267266646,445,"HC2"
"elite","pacca_house","early_vs_late",0.0465289576440429,0.0525991537803109,-0.0569036629706054,0.149961578258691,0.37695259944462,370,"HC2"
"elite","sarpanch_uncontested","early_vs_direct",-0.305757135945816,0.0451039995262524,-0.394433839748424,-0.217080432143208,4.4777985929933e-11,393,"HC2"
"elite","sarpanch_uncontested","late_vs_direct",-0.262271062271062,0.0402302265442384,-0.341337360636478,-0.183204763905646,1.93222113039944e-10,444,"HC2"
"elite","sarpanch_uncontested","early_vs_late",-0.043486073674753,0.0518985067774166,-0.145541837642377,0.058569690292871,0.402628812241071,369,"HC2"
"elite","resignation","early_vs_direct",-0.391859450021823,0.0407222155552793,-0.471923270895913,-0.311795629147732,8.47390260936778e-20,390,"HC2"
"elite","resignation","late_vs_direct",-0.0689246608923027,0.0227517801620337,-0.113640050116558,-0.0242092716680473,0.00259423482392802,443,"HC2"
"elite","resignation","early_vs_late",-0.322934789129521,0.0442472507960113,-0.409944748834546,-0.235924829424496,1.81735972364754e-12,369,"HC2"
"elite","rich_landowner_influences_gp","early_vs_direct",-0.119750300401512,0.0338234850297807,-0.186257190002774,-0.0532434108002501,0.000449567057461002,378,"HC2"
"elite","rich_landowner_influences_gp","late_vs_direct",-0.0567269702640882,0.0254813747542592,-0.106808251070526,-0.00664568945765018,0.0265090970066137,439,"HC2"
"elite","rich_landowner_influences_gp","early_vs_late",-0.0630233301374242,0.0373123234324834,-0.136402909707133,0.0103562494322844,0.09207809955137,359,"HC2"
"citizen","sarpanch_nominate_BDO","early_vs_direct",0.0938355007600052,0.0260790459991054,0.0425368172313165,0.145134184288694,0.000368688297022889,2350,"GP CR2"
"citizen","sarpanch_nominate_BDO","late_vs_direct",0.0723373580825368,0.0243848294538969,0.0244107127118981,0.120264003453176,0.00317807609052764,2648,"GP CR2"
"citizen","sarpanch_nominate_BDO","early_vs_late",0.0214981426774689,0.0274752489180906,-0.0325459627549368,0.0755422481098746,0.434495366551872,2208,"GP CR2"
"citizen","sarpanch_inauguralevents","early_vs_direct",0.09990335611424,0.0245054468982237,0.0516991560422415,0.148107556186238,5.71049467273419e-05,2296,"GP CR2"
"citizen","sarpanch_inauguralevents","late_vs_direct",0.15560729415663,0.0244855814504218,0.107482387176682,0.203732201136578,5.27027997734257e-10,2603,"GP CR2"
"citizen","sarpanch_inauguralevents","early_vs_late",-0.0557039380423891,0.0270979851015904,-0.109007352868566,-0.00240052321621254,0.0405901214304433,2173,"GP CR2"
"citizen","other_nominate_BDO","early_vs_direct",-0.0762108502692853,0.0181697022550407,-0.111951490698533,-0.0404702098400375,3.50421337069646e-05,2350,"GP CR2"
"citizen","other_nominate_BDO","late_vs_direct",-0.0338296332529526,0.0153292310151155,-0.0639581449185787,-0.00370112158732646,0.0278443318965692,2648,"GP CR2"
"citizen","other_nominate_BDO","early_vs_late",-0.042381217016333,0.0194002767378301,-0.0805417667009908,-0.0042206673316752,0.029607418706096,2208,"GP CR2"
"citizen","formersarpanch_otherperson_inauguralevents","early_vs_direct",-0.0561753398459831,0.0193110183064041,-0.0941616778998059,-0.0181890017921603,0.00386869751197236,2296,"GP CR2"
"citizen","formersarpanch_otherperson_inauguralevents","late_vs_direct",-0.0581763425082253,0.0179280445063294,-0.0934128132429075,-0.022939871773543,0.00126531122051453,2603,"GP CR2"
"citizen","formersarpanch_otherperson_inauguralevents","early_vs_late",0.00200100266224095,0.0213828835546833,-0.0400604534948155,0.0440624588192974,0.925498953144602,2173,"GP CR2"
"citizen","resignation_reported","early_vs_direct",-0.360324831032807,0.0338659234141514,-0.426941358653704,-0.29370830341191,5.6932053457601e-23,2352,"GP CR2"
"citizen","resignation_reported","late_vs_direct",-0.0393097143496812,0.014582455524128,-0.067970925505708,-0.0106485031936544,0.00729806497354602,2625,"GP CR2"
"citizen","resignation_reported","early_vs_late",-0.321015116683128,0.03497821088116,-0.389817067514224,-0.252213165852032,4.45242822770719e-18,2179,"GP CR2"
