"specification","source","variable","indirect_total","indirect_n","indirect_sum","indirect_mean","indirect_gp","indirect_months","direct_total","direct_n","direct_sum","direct_mean","direct_gp","direct_months","difference","status","baseline_se","baseline_df","baseline_p","baseline_low","baseline_high","month_se","month_df","month_p","month_low","month_high","wild_p","wild_low","wild_high","wild_draws","wild_seed","wild_full_enumeration","wild_mc_se"
"drop_early_indirect","elite","most_influential_gd",211,211,37,0.175355450236967,211,5,234,234,77,0.329059829059829,234,26,0.153704378822862,"estimated",0.0404493624570819,443,0.000164975916139315,0.0742078953616153,0.23320086228411,0.0479559798497683,3.74190599301233,0.0359922344632578,0.0168559774061172,0.290552780239608,0.0546054605460546,-0.00725740945997506,0.306535491417596,9999,20261003,FALSE,0.00227219865133573
"drop_early_indirect","elite","prop_speakingtime_sarpanch",211,211,54.72,0.259336492890995,211,5,234,234,72.68,0.310598290598291,234,26,0.0512617977072953,"estimated",0.0146517333373549,443,0.000514837472239616,0.0224662566609442,0.0800573387536466,0.0171561416202448,3.74190599301233,0.0439907969868189,0.00230459648724483,0.100218998927346,0.0132013201320132,0.00864166553254064,0.06998437490903,9999,20261003,FALSE,0.00114141789514606
"drop_early_indirect","elite","i_decide_masik_sabha",211,210,52,0.247619047619048,210,5,234,234,76,0.324786324786325,234,26,0.0771672771672772,"estimated",0.0428089761853044,442,0.0721327867805867,-0.00696715543561414,0.161301709770169,0.0495896523226527,3.7333280509427,0.199659999059497,-0.0644823793828555,0.21881693371741,0.273027302730273,-0.0556898854094165,0.174857924135495,9999,20261003,FALSE,0.00445537029907287
"drop_early_indirect","elite","sarpanch_maratha",211,211,40,0.18957345971564,211,5,234,233,77,0.330472103004292,233,26,0.140898643288652,"estimated",0.041052467926522,442,0.000655145345637139,0.0602163564477904,0.221580930129513,0.0486030999288271,3.75315216370113,0.0476956178339899,0.00238142339414263,0.279415863183161,0.0333033303330333,0.0388698589549552,0.277097093221265,9999,20261003,FALSE,0.0017943644631342
"drop_early_indirect","elite","avg_prop_land_held_sarpanch_caste",211,209,60.3075,0.288552631578947,209,5,234,167,73.9616666666667,0.442884231536926,167,22,0.154331599957979,"estimated",0.0307379440180024,374,7.9762374663329e-07,0.0938907450779009,0.214772454838056,0.0256603128034891,4.43939875090479,0.00273696058142835,0.085783810989278,0.22287938892668,0.0004000400040004,0.0732306245048128,0.213749797839677,9999,20261003,FALSE,0.000199979989996999
"drop_early_indirect","elite","sarpanch_male",211,211,82,0.388625592417062,211,5,234,234,121,0.517094017094017,234,26,0.128468424676956,"estimated",0.0469373578820519,443,0.00644931942365479,0.0362208670413002,0.220715982312611,0.0670071995376996,3.74190599301233,0.132573665063513,-0.0627450208385651,0.319681870192476,0.146014601460146,-0.0423131739389586,0.201908622792117,9999,20261003,FALSE,0.00353138511495717
"drop_early_indirect","elite","sarpanch_land_own_name",211,210,72,0.342857142857143,210,5,234,231,113,0.489177489177489,231,26,0.146320346320346,"estimated",0.0465238325987614,439,0.0017733294436114,0.0548832214232509,0.237757471217443,0.0549277059860787,3.7550177644848,0.0600024798277909,-0.0101886093420008,0.302829301982694,0.0398039803980398,0.00976827084561124,0.237766812317447,9999,20261003,FALSE,0.00195508173453442
"drop_early_indirect","elite","three_four_wheeler",211,211,40,0.18957345971564,211,5,234,234,67,0.286324786324786,234,26,0.0967513266091465,"estimated",0.0401074199459961,443,0.0162574620335642,0.0179268741893297,0.175575779028963,0.0449557359859075,3.74190599301233,0.102472199623059,-0.031535502759317,0.22503815597761,0.115411541154115,-0.0167126676113495,0.152948307687365,9999,20261003,FALSE,0.00319533922323278
"drop_early_indirect","elite","pacca_house",211,211,112,0.530805687203792,211,5,234,234,144,0.615384615384615,234,26,0.0845789281808239,"estimated",0.0469231137856068,443,0.072146267266646,-0.00764063505618873,0.176798491417836,0.10543766244212,3.74190599301233,0.470295579504301,-0.216300661799909,0.385458518161557,0.576957695769577,-0.174744374069223,0.201316596928571,9999,20261003,FALSE,0.0049406671943591
"drop_early_indirect","elite","sarpanch_uncontested",211,210,82,0.39047619047619,210,5,234,234,30,0.128205128205128,234,26,-0.262271062271062,"estimated",0.0402302265442384,442,1.93222113039944e-10,-0.341337360636478,-0.183204763905646,0.0333932517032435,3.7333280509427,0.00187928529946884,-0.357656740800933,-0.166885383741192,0.0002000200020002,-0.34559311478819,-0.190019292779993,9999,20261003,FALSE,0.000141421354115423
"drop_early_indirect","elite","resignation",211,211,20,0.0947867298578199,211,5,234,232,6,0.0258620689655172,232,26,-0.0689246608923027,"estimated",0.0227517801620337,441,0.00259423482392802,-0.113640050116558,-0.0242092716680473,0.0129617763936311,3.76455477126654,0.00712112510306541,-0.105817596772024,-0.0320317250125821,0.0082008200820082,-0.101759229046886,-0.0337244012992052,9999,20261003,FALSE,0.000901907981448093
"drop_early_indirect","elite","rich_landowner_influences_gp",211,210,22,0.104761904761905,210,5,234,229,11,0.0480349344978166,229,25,-0.0567269702640882,"estimated",0.0254813747542592,437,0.0265090970066137,-0.106808251070526,-0.00664568945765018,0.0267262905346509,3.7733968685775,0.105195621255883,-0.13272194699915,0.0192680064709738,0.12991299129913,-0.110011540568174,0.0192805516152257,9999,20261003,FALSE,0.00336224494470451
"drop_early_indirect","citizen","sarpanch_nominate_BDO",1264,1253,742,0.592178770949721,211,5,1415,1395,927,0.664516129032258,234,26,0.0723373580825374,"estimated",0.0243848294538969,435.290414196663,0.00317807609052764,0.0244107127118981,0.120264003453176,0.0427934112894259,3.71812571379959,0.17161068696642,-0.0501142385361729,0.194788954701247,0.266326632663266,-0.052630294428235,0.124818258571234,9999,20261003,FALSE,0.00442059157836838
"drop_early_indirect","citizen","sarpanch_inauguralevents",1264,1240,735,0.592741935483871,211,5,1415,1363,1020,0.748349229640499,234,26,0.155607294156628,"estimated",0.0244855814504218,434.510817504821,5.27027997734257e-10,0.107482387176682,0.203732201136578,0.0530217944756293,3.76048479087294,0.0459795010176448,0.00462258950798944,0.30659199880527,0.0082008200820082,0.020628423925183,0.211516806765344,9999,20261003,FALSE,0.000901907981448093
"drop_early_indirect","citizen","other_nominate_BDO",1264,1253,187,0.149241819632881,211,5,1415,1395,161,0.115412186379928,234,26,-0.0338296332529528,"estimated",0.0153292310151155,435.290414196663,0.0278443318965692,-0.0639581449185787,-0.00370112158732646,0.0192209696807776,3.71812571379959,0.158619867634219,-0.0888296520654891,0.0211703855595839,0.284328432843284,-0.072901777425698,0.0275529341538428,9999,20261003,FALSE,0.00451116532320352
"drop_early_indirect","citizen","formersarpanch_otherperson_inauguralevents",1264,1240,255,0.205645161290323,211,5,1415,1363,201,0.147468818782098,234,26,-0.0581763425082243,"estimated",0.0179280445063294,434.510817504821,0.00126531122051453,-0.0934128132429075,-0.022939871773543,0.0373635079147657,3.76048479087294,0.198910945573445,-0.164572556799709,0.0482198717832578,0.280828082808281,-0.0977834612750353,0.0451781278165886,9999,20261003,FALSE,0.00449426155337466
"drop_early_indirect","citizen","resignation_reported",1264,1226,85,0.0693311582381729,211,5,1415,1399,42,0.0300214438884918,234,26,-0.0393097143496811,"estimated",0.014582455524128,432.941611573568,0.00729806497354602,-0.067970925505708,-0.0106485031936544,0.0140280723023291,3.67075670248791,0.0537204365503371,-0.0796750672085501,0.00105563850918741,0.015001500150015,-0.0670620457724505,-0.00402743936639771,9999,20261003,FALSE,0.00121564521701678
"since_2018","elite","most_influential_gd",211,211,37,0.175355450236967,211,5,86,86,20,0.232558139534884,86,21,0.0572026892979169,"estimated",0.0528043912385295,295,0.279562488754143,-0.0467183652930974,0.161123743888931,0.0415578642023806,8.61582034798204,0.203390846861406,-0.0374506266223138,0.151856005218148,0.188018801880188,-0.0366185188246264,0.149633114456445,9999,20261003,FALSE,0.0039074672144467
"since_2018","elite","prop_speakingtime_sarpanch",211,211,54.72,0.259336492890995,211,5,86,86,26.75,0.311046511627907,86,21,0.0517100187369117,"estimated",0.0201040411435779,295,0.0105971531492667,0.0121444995030244,0.0912755379707992,0.0211581578065745,8.61582034798204,0.038253617067429,0.00351962604967002,0.0999004114241537,0.0258025802580258,0.00700950310156582,0.087901728307367,9999,20261003,FALSE,0.00158553842722774
"since_2018","elite","i_decide_masik_sabha",211,210,52,0.247619047619048,210,5,86,86,29,0.337209302325581,86,21,0.0895902547065338,"estimated",0.0593363988188038,294,0.132150532638123,-0.0271876759350164,0.206368185348084,0.0649660303560654,8.59564553332427,0.202703992399487,-0.0584337490863586,0.237614258499426,0.201820182018202,-0.0632693265240043,0.203370700345649,9999,20261003,FALSE,0.00401378757084883
"since_2018","elite","sarpanch_maratha",211,211,40,0.18957345971564,211,5,86,86,32,0.372093023255814,86,21,0.182519563540174,"estimated",0.0589940722348269,295,0.00216505103580242,0.0664169808294337,0.298622146250916,0.069008679707023,8.61582034798204,0.0276853473459804,0.0253435275019059,0.339695599578444,0.0128012801280128,0.0492750290362223,0.344102810003545,9999,20261003,FALSE,0.00112421844951144
"since_2018","elite","avg_prop_land_held_sarpanch_caste",211,209,60.3075,0.288552631578947,209,5,86,58,27.4325,0.472974137931034,58,17,0.184421506352087,"estimated",0.0459616077621108,265,7.82217565037552e-05,0.0939251100488793,0.274917902655296,0.0405115436260744,9.22781612538452,0.0012955524275525,0.0931217552426796,0.275721257461494,0.0002000200020002,0.0961468066993448,0.287931079265544,9999,20261003,FALSE,0.000141421354115423
"since_2018","elite","sarpanch_male",211,211,82,0.388625592417062,211,5,86,86,42,0.488372093023256,86,21,0.0997465006061942,"estimated",0.0638043421540679,295,0.119049807200505,-0.0258228766485237,0.225315877860913,0.078286294090338,8.61582034798204,0.235911482907698,-0.0785604809718524,0.278053482184241,0.230823082308231,-0.0664018118168119,0.216443902568634,9999,20261003,FALSE,0.00421380520594239
"since_2018","elite","sarpanch_land_own_name",211,210,72,0.342857142857143,210,5,86,84,39,0.464285714285714,84,21,0.121428571428571,"estimated",0.0638333793918753,292,0.0581191271490509,-0.00420326903434474,0.247060411891488,0.0837084316568267,8.68592392539883,0.182021367428202,-0.0689819658345613,0.311839108691704,0.182618261826183,-0.0774693124203717,0.284638289955931,9999,20261003,FALSE,0.00386372567154853
"since_2018","elite","three_four_wheeler",211,211,40,0.18957345971564,211,5,86,86,25,0.290697674418605,86,21,0.101124214702965,"estimated",0.0561906710603581,295,0.0729357372111235,-0.00946116764509249,0.211709597051023,0.0616544711656683,8.61582034798204,0.136893168667639,-0.0393016769819223,0.241550106387852,0.153415341534153,-0.0432511369422372,0.210498847709449,9999,20261003,FALSE,0.00360405415778516
"since_2018","elite","pacca_house",211,211,112,0.530805687203792,211,5,86,86,56,0.651162790697674,86,21,0.120357103493883,"estimated",0.0621152791425745,295,0.0536212761206817,-0.00188813337576443,0.242602340363531,0.118861018744187,8.61582034798204,0.338847252299291,-0.150363968768283,0.391078175756049,0.339133913391339,-0.141011586997025,0.294955272703086,9999,20261003,FALSE,0.00473439031587889
"since_2018","elite","sarpanch_uncontested",211,210,82,0.39047619047619,210,5,86,86,15,0.174418604651163,86,21,-0.216057585825028,"estimated",0.0532245915977859,294,6.31414557532597e-05,-0.320807078375313,-0.111308093274741,0.0412723469580443,8.59564553332427,0.000625072878313778,-0.310095931852564,-0.12201923979749,0.0007000700070007,-0.305710393648186,-0.142154805504558,9999,20261003,FALSE,0.000264508955230895
"since_2018","elite","resignation",211,211,20,0.0947867298578199,211,5,86,85,3,0.0352941176470588,85,21,-0.0594926122107611,"estimated",0.0285292926294827,294,0.0379029080867374,-0.115640134174673,-0.00334509024684947,0.0208124336653396,8.74199366064043,0.0193775395219711,-0.106786274418728,-0.0121989500027945,0.0172017201720172,-0.107821871476803,-0.014168693656189,9999,20261003,FALSE,0.00130028888122276
"since_2018","elite","rich_landowner_influences_gp",211,210,22,0.104761904761905,210,5,86,83,3,0.036144578313253,83,20,-0.0686173264486518,"estimated",0.0295566635549507,291,0.0209476005084932,-0.12678926064938,-0.0104453922479233,0.0276407312015362,8.70111306574955,0.0356995717841165,-0.131473950225116,-0.00576070267218814,0.029002900290029,-0.117961280082337,-0.00686915697639792,9999,20261003,FALSE,0.00167822967795375
"since_2018","citizen","sarpanch_nominate_BDO",1264,1253,742,0.592178770949721,211,5,522,513,338,0.658869395711501,86,21,0.0666906247617802,"estimated",0.0314664060111054,157.058648067318,0.0356269301669085,0.00453870086455722,0.128842548659001,0.0562672912449375,8.5051725134874,0.267978002098011,-0.0617326746113418,0.1951139241349,0.268226822682268,-0.0727488670869079,0.162568260794097,9999,20261003,FALSE,0.00443058488642842
"since_2018","citizen","sarpanch_inauguralevents",1264,1240,735,0.592741935483871,211,5,522,504,377,0.748015873015873,86,21,0.155273937532002,"estimated",0.0301651808029634,156.120305037004,7.84109257712235e-07,0.0956893916455875,0.214858483418416,0.0550214663122789,8.53488579389119,0.0210329309864981,0.0297650607823856,0.280782814281619,0.0131013101310131,0.0313677177704337,0.231766266714423,9999,20261003,FALSE,0.00113714374200248
"since_2018","citizen","other_nominate_BDO",1264,1253,187,0.149241819632881,211,5,522,513,53,0.103313840155945,86,21,-0.0459279794769357,"estimated",0.0196611040652902,157.058648067318,0.0207561187293376,-0.0847622665311984,-0.00709369242267118,0.0252500047685663,8.5051725134874,0.104209511067112,-0.103558067043271,0.0117021080894021,0.115611561156116,-0.0942529324516557,0.0160528647650221,9999,20261003,FALSE,0.00319774535663062
"since_2018","citizen","formersarpanch_otherperson_inauguralevents",1264,1240,255,0.205645161290323,211,5,522,504,84,0.166666666666667,86,21,-0.0389784946236559,"estimated",0.0233674512112573,156.120305037004,0.0973067233482272,-0.085135651049813,0.00717866180250218,0.0413842225125585,8.53488579389119,0.372152531043058,-0.133379600788801,0.0554226115414903,0.393939393939394,-0.104507556667752,0.0606457034217318,9999,20261003,FALSE,0.00488646114631633
"since_2018","citizen","resignation_reported",1264,1226,85,0.0693311582381729,211,5,522,517,12,0.02321083172147,86,21,-0.0461203265167029,"estimated",0.0153863407945439,159.535460163041,0.00315811385417184,-0.0765075092039815,-0.0157331438294242,0.0156056636225388,8.37659594630725,0.0173746452058832,-0.081827370419431,-0.0104132826139745,0.0208020802080208,-0.0704257738177265,-0.00986546708856237,9999,20261003,FALSE,0.00142728381221537
"since_2019","elite","most_influential_gd",211,211,37,0.175355450236967,211,5,27,27,6,0.222222222222222,27,9,0.0468667719852554,"estimated",0.0856520456020296,236,0.584774638165811,-0.121873483955694,0.215607027926206,0.0784392579193487,5.10203288148917,0.575709091699128,-0.153560925702254,0.247294469672765,0.545454545454545,-0.114617980412808,0.31978003582814,9999,20261003,FALSE,0.00497954496079247
"since_2019","elite","prop_speakingtime_sarpanch",211,211,54.72,0.259336492890995,211,5,27,27,8.65,0.32037037037037,27,9,0.0610338774793751,"estimated",0.0310839024234048,236,0.0507599409796218,-0.000203488350035481,0.122271243308786,0.01662737997274,5.10203288148917,0.0139255053556326,0.018547658525873,0.103520096432877,0.0256025602560256,0.0180104760638826,0.0919916595429166,9999,20261003,FALSE,0.00157954310231707
"since_2019","elite","i_decide_masik_sabha",211,210,52,0.247619047619048,210,5,27,27,8,0.296296296296296,27,9,0.0486772486772487,"estimated",0.0943971473669133,235,0.606573605773678,-0.137295521199712,0.23465001855421,0.146256684608255,5.10517408336197,0.752503189062917,-0.324969781267338,0.422324278621835,0.818281828182818,-0.266136546667554,0.363038118761276,9999,20261003,FALSE,0.00385631364133551
"since_2019","elite","sarpanch_maratha",211,211,40,0.18957345971564,211,5,27,27,11,0.407407407407407,27,9,0.217833947691768,"estimated",0.100086142309262,236,0.030512643814724,0.0206575562734283,0.415010339110107,0.125384249375207,5.10203288148917,0.1416623376003,-0.102547416119559,0.538215311503094,0.115311531153115,-0.112583588658787,0.664519825660143,9999,20261003,FALSE,0.00319413500708224
"since_2019","elite","avg_prop_land_held_sarpanch_caste",211,209,60.3075,0.288552631578947,209,5,27,18,9.64,0.535555555555556,18,6,0.247002923976608,"estimated",0.078414442340593,225,0.00185448813154303,0.0924822946300181,0.401523553323198,0.063470102618826,3.28996388491941,0.0254440558226737,0.0547199048986051,0.43928594305461,0.1025390625,-0.242706686855381,0.330860674960607,2048,20261003,TRUE,0
"since_2019","elite","sarpanch_male",211,211,82,0.388625592417062,211,5,27,27,15,0.555555555555556,27,9,0.166929963138494,"estimated",0.103092601361188,236,0.106734721696523,-0.0361693536032539,0.370029279880242,0.0837402970696731,5.10203288148917,0.101658130496718,-0.0470429299069747,0.380902856183962,0.0601060106010601,-0.0210196345483196,0.394429881014309,9999,20261003,FALSE,0.00237695031465708
"since_2019","elite","sarpanch_land_own_name",211,210,72,0.342857142857143,210,5,27,27,13,0.481481481481481,27,9,0.138624338624339,"estimated",0.103345123310276,235,0.181094309587416,-0.0649769286955747,0.342225605944251,0.112256508280488,5.10503301230402,0.270669904152696,-0.148163585507878,0.425412262756555,0.293729372937294,-0.136698379953963,0.353542371743677,9999,20261003,FALSE,0.00455492234542732
"since_2019","elite","three_four_wheeler",211,211,40,0.18957345971564,211,5,27,27,8,0.296296296296296,27,9,0.106722836580656,"estimated",0.0935468459858705,236,0.255089088133012,-0.0775707039083566,0.291016377069669,0.0693769141332781,5.10203288148917,0.183434344693035,-0.0705487942485665,0.283994467409879,0.114211421142114,-0.0665144917958349,0.301374798565375,9999,20261003,FALSE,0.00318083778510989
"since_2019","elite","pacca_house",211,211,112,0.530805687203792,211,5,27,27,17,0.62962962962963,27,9,0.0988239424258381,"estimated",0.100772219544374,236,0.327761455159447,-0.0997040670120632,0.297351951863739,0.153085561184377,5.10203288148917,0.546480282812352,-0.29233970944008,0.489987594291756,0.53035303530353,-0.31529066141961,0.384253086777517,9999,20261003,FALSE,0.00499102798637939
"since_2019","elite","sarpanch_uncontested",211,210,82,0.39047619047619,210,5,27,27,3,0.111111111111111,27,9,-0.279365079365079,"estimated",0.0702669776315174,235,9.34082417910898e-05,-0.417798759042099,-0.140931399688059,0.0637623922869014,5.10517408336197,0.00680888412151992,-0.442261076658987,-0.11646908207117,0.0118011801180118,-0.418166333509165,-0.112645151191769,9999,20261003,FALSE,0.00107995734053209
"since_2019","elite","resignation",211,211,20,0.0947867298578199,211,5,27,27,2,0.0740740740740741,27,9,-0.0207126557837458,"estimated",0.055195539066455,236,0.707804449028522,-0.129451557737672,0.0880262461701805,0.0482285380787046,5.10203288148917,0.685115602065848,-0.143946035424946,0.102520723857455,0.652565256525653,-0.10999090401864,0.103299894566087,9999,20261003,FALSE,0.0047617908096952
"since_2019","elite","rich_landowner_influences_gp",211,210,22,0.104761904761905,210,5,27,27,0,0,27,9,-0.104761904761905,"estimated",0.0211835053725468,235,1.44663654890036e-06,-0.146495741850469,-0.0630280676733396,0.0219789136433605,5.10517408336197,0.0047648081571319,-0.160912198515976,-0.048611611007832,0.0116011601160116,-0.145436269133391,-0.0510079479250706,9999,20261003,FALSE,0.00107087440776085
"since_2019","citizen","sarpanch_nominate_BDO",1264,1253,742,0.592178770949721,211,5,162,159,117,0.735849056603774,27,9,0.143670285654053,"estimated",0.0436750277791397,32.7100463377146,0.00240711607087511,0.0547828411478318,0.232557730160272,0.0467740369126155,4.94704214213551,0.028123597827685,0.0230456244164922,0.264294946891608,0.0504050405040504,-0.000283343960484511,0.221788868650611,9999,20261003,FALSE,0.00218790217587
"since_2019","citizen","sarpanch_inauguralevents",1264,1240,735,0.592741935483871,211,5,162,157,120,0.764331210191083,27,9,0.171589274707212,"estimated",0.0377571682433418,32.7095995007565,7.1281910615895e-05,0.0947458214735912,0.248432727940828,0.0565884451842794,4.93955257417511,0.0294627211032784,0.0255869915300244,0.317591557884399,0.0312031203120312,0.0412431502292328,0.292415679912371,9999,20261003,FALSE,0.00173874980505272
"since_2019","citizen","other_nominate_BDO",1264,1253,187,0.149241819632881,211,5,162,159,8,0.050314465408805,27,9,-0.098927354224076,"estimated",0.0194158468536904,32.7100463377146,1.42485741869825e-05,-0.138442498174892,-0.059412210273256,0.027199748497759,4.94704214213551,0.0152297507857255,-0.16907226077594,-0.0287824476722073,0.0172017201720172,-0.146821463210024,-0.0274354737290715,9999,20261003,FALSE,0.00130028888122276
"since_2019","citizen","formersarpanch_otherperson_inauguralevents",1264,1240,255,0.205645161290323,211,5,162,157,26,0.165605095541401,27,9,-0.0400400657489213,"estimated",0.0287744357169091,32.7095995007565,0.173461147558338,-0.0986018464175739,0.0185217149197346,0.040198308665534,4.93955257417511,0.36547884718231,-0.143754610757479,0.0636744792596375,0.27982798279828,-0.11375403587692,0.0723952941711492,9999,20261003,FALSE,0.00448937008148197
"since_2019","citizen","resignation_reported",1264,1226,85,0.0693311582381729,211,5,162,161,6,0.0372670807453416,27,9,-0.0320640774928313,"estimated",0.0284952823851902,33.0997851799263,0.268580120843703,-0.0900315266570171,0.0259033716713559,0.029786564761942,5.00616095205857,0.330838816743752,-0.108604545883187,0.0444763908975259,0.286428642864286,-0.0780241220914952,0.0759507235022518,9999,20261003,FALSE,0.00452114715733549
"since_2020","elite","most_influential_gd",211,211,37,0.175355450236967,211,5,1,1,1,1,1,1,0.824644549763033,"insufficient_support",,,,,,,,,,,,,,,,,
"since_2020","elite","prop_speakingtime_sarpanch",211,211,54.72,0.259336492890995,211,5,1,1,0.35,0.35,1,1,0.0906635071090047,"insufficient_support",,,,,,,,,,,,,,,,,
"since_2020","elite","i_decide_masik_sabha",211,210,52,0.247619047619048,210,5,1,1,0,0,1,1,-0.247619047619048,"insufficient_support",,,,,,,,,,,,,,,,,
"since_2020","elite","sarpanch_maratha",211,211,40,0.18957345971564,211,5,1,1,0,0,1,1,-0.18957345971564,"insufficient_support",,,,,,,,,,,,,,,,,
"since_2020","elite","avg_prop_land_held_sarpanch_caste",211,209,60.3075,0.288552631578947,209,5,1,1,0.06,0.06,1,1,-0.228552631578947,"insufficient_support",,,,,,,,,,,,,,,,,
"since_2020","elite","sarpanch_male",211,211,82,0.388625592417062,211,5,1,1,1,1,1,1,0.611374407582938,"insufficient_support",,,,,,,,,,,,,,,,,
"since_2020","elite","sarpanch_land_own_name",211,210,72,0.342857142857143,210,5,1,1,1,1,1,1,0.657142857142857,"insufficient_support",,,,,,,,,,,,,,,,,
"since_2020","elite","three_four_wheeler",211,211,40,0.18957345971564,211,5,1,1,0,0,1,1,-0.18957345971564,"insufficient_support",,,,,,,,,,,,,,,,,
"since_2020","elite","pacca_house",211,211,112,0.530805687203792,211,5,1,1,0,0,1,1,-0.530805687203792,"insufficient_support",,,,,,,,,,,,,,,,,
"since_2020","elite","sarpanch_uncontested",211,210,82,0.39047619047619,210,5,1,1,0,0,1,1,-0.39047619047619,"insufficient_support",,,,,,,,,,,,,,,,,
"since_2020","elite","resignation",211,211,20,0.0947867298578199,211,5,1,1,1,1,1,1,0.90521327014218,"insufficient_support",,,,,,,,,,,,,,,,,
"since_2020","elite","rich_landowner_influences_gp",211,210,22,0.104761904761905,210,5,1,1,0,0,1,1,-0.104761904761905,"insufficient_support",,,,,,,,,,,,,,,,,
"since_2020","citizen","sarpanch_nominate_BDO",1264,1253,742,0.592178770949721,211,5,6,6,4,0.666666666666667,1,1,0.0744878957169459,"insufficient_support",,,,,,,,,,,,,,,,,
"since_2020","citizen","sarpanch_inauguralevents",1264,1240,735,0.592741935483871,211,5,6,5,1,0.2,1,1,-0.392741935483871,"insufficient_support",,,,,,,,,,,,,,,,,
"since_2020","citizen","other_nominate_BDO",1264,1253,187,0.149241819632881,211,5,6,6,0,0,1,1,-0.149241819632881,"insufficient_support",,,,,,,,,,,,,,,,,
"since_2020","citizen","formersarpanch_otherperson_inauguralevents",1264,1240,255,0.205645161290323,211,5,6,5,3,0.6,1,1,0.394354838709677,"insufficient_support",,,,,,,,,,,,,,,,,
"since_2020","citizen","resignation_reported",1264,1226,85,0.0693311582381729,211,5,6,6,4,0.666666666666667,1,1,0.597335508428494,"insufficient_support",,,,,,,,,,,,,,,,,
"since_2021","elite","most_influential_gd",203,203,34,0.167487684729064,203,3,0,0,0,,0,0,,"insufficient_support",,,,,,,,,,,,,,,,,
"since_2021","elite","prop_speakingtime_sarpanch",203,203,52.22,0.257241379310345,203,3,0,0,0,,0,0,,"insufficient_support",,,,,,,,,,,,,,,,,
"since_2021","elite","i_decide_masik_sabha",203,202,50,0.247524752475248,202,3,0,0,0,,0,0,,"insufficient_support",,,,,,,,,,,,,,,,,
"since_2021","elite","sarpanch_maratha",203,203,38,0.187192118226601,203,3,0,0,0,,0,0,,"insufficient_support",,,,,,,,,,,,,,,,,
"since_2021","elite","avg_prop_land_held_sarpanch_caste",203,201,58.2475,0.28978855721393,201,3,0,0,0,,0,0,,"insufficient_support",,,,,,,,,,,,,,,,,
"since_2021","elite","sarpanch_male",203,203,77,0.379310344827586,203,3,0,0,0,,0,0,,"insufficient_support",,,,,,,,,,,,,,,,,
"since_2021","elite","sarpanch_land_own_name",203,202,67,0.331683168316832,202,3,0,0,0,,0,0,,"insufficient_support",,,,,,,,,,,,,,,,,
"since_2021","elite","three_four_wheeler",203,203,37,0.182266009852217,203,3,0,0,0,,0,0,,"insufficient_support",,,,,,,,,,,,,,,,,
"since_2021","elite","pacca_house",203,203,105,0.517241379310345,203,3,0,0,0,,0,0,,"insufficient_support",,,,,,,,,,,,,,,,,
"since_2021","elite","sarpanch_uncontested",203,202,78,0.386138613861386,202,3,0,0,0,,0,0,,"insufficient_support",,,,,,,,,,,,,,,,,
"since_2021","elite","resignation",203,203,19,0.0935960591133005,203,3,0,0,0,,0,0,,"insufficient_support",,,,,,,,,,,,,,,,,
"since_2021","elite","rich_landowner_influences_gp",203,202,22,0.108910891089109,202,3,0,0,0,,0,0,,"insufficient_support",,,,,,,,,,,,,,,,,
"since_2021","citizen","sarpanch_nominate_BDO",1217,1207,713,0.590720795360398,203,3,0,0,0,,0,0,,"insufficient_support",,,,,,,,,,,,,,,,,
"since_2021","citizen","sarpanch_inauguralevents",1217,1193,702,0.588432523051132,203,3,0,0,0,,0,0,,"insufficient_support",,,,,,,,,,,,,,,,,
"since_2021","citizen","other_nominate_BDO",1217,1207,178,0.147473073736537,203,3,0,0,0,,0,0,,"insufficient_support",,,,,,,,,,,,,,,,,
"since_2021","citizen","formersarpanch_otherperson_inauguralevents",1217,1193,245,0.20536462699078,203,3,0,0,0,,0,0,,"insufficient_support",,,,,,,,,,,,,,,,,
"since_2021","citizen","resignation_reported",1217,1179,81,0.0687022900763359,203,3,0,0,0,,0,0,,"insufficient_support",,,,,,,,,,,,,,,,,
