"condition","specification","n","f","numerator_df","denominator_df","p"
"bharti kamble","original_HC2",2359,0.916527369695455,18,2340,0.557991581279944
"bharti kamble","ordinary_F",2359,0.904609268665071,18,2340,0.572875144354213
"bharti kamble","exclude_sparse_HC2",2352,0.958213557521426,16,2335,0.500827113681232
"bharti marathe","original_HC2",2359,12.7920759340032,18,2340,8.16697100110719e-37
"bharti marathe","ordinary_F",2359,1.07876279102038,18,2340,0.367374392269331
"bharti marathe","exclude_sparse_HC2",2352,1.06833970483721,16,2335,0.380299556537647
"rohit kamble","original_HC2",2359,1.03917970573097,18,2340,0.410859738214381
"rohit kamble","ordinary_F",2359,1.15969590815449,18,2340,0.286898535767124
"rohit kamble","exclude_sparse_HC2",2352,1.04450305163833,16,2335,0.405103517077054
"rohit marathe","original_HC2",2359,20.0594935486355,18,2340,1.16615146469629e-60
"rohit marathe","ordinary_F",2359,0.978413756699799,18,2340,0.481917328048592
"rohit marathe","exclude_sparse_HC2",2352,0.942553528644362,16,2335,0.518978814387755
