"religion","condition","Freq"
"Adivasi/Sarna","bharti kamble",18
"Buddhist","bharti kamble",72
"Christian","bharti kamble",2
"Hindu","bharti kamble",358
"Jain","bharti kamble",1
"Muslim","bharti kamble",145
"Adivasi/Sarna","bharti marathe",30
"Buddhist","bharti marathe",80
"Christian","bharti marathe",0
"Hindu","bharti marathe",321
"Jain","bharti marathe",0
"Muslim","bharti marathe",157
"Adivasi/Sarna","rohit kamble",23
"Buddhist","rohit kamble",62
"Christian","rohit kamble",2
"Hindu","rohit kamble",341
"Jain","rohit kamble",2
"Muslim","rohit kamble",138
"Adivasi/Sarna","rohit marathe",33
"Buddhist","rohit marathe",78
"Christian","rohit marathe",0
"Hindu","rohit marathe",338
"Jain","rohit marathe",0
"Muslim","rohit marathe",158
