"variable","treatment","adjusted","n","estimate","se","low","high","p"
"authority","Male",FALSE,2347,0.0438008679133475,0.0192428805805527,0.00606603846990806,0.081535697356787,0.0229231320583958
"authority","Male",TRUE,2341,0.0488132412786811,0.0188144927832854,0.0119182730668101,0.0857082094905522,0.00953388981955321
"authority","Maratha",FALSE,2347,0.147986811143711,0.0190502901157408,0.110629647004158,0.185343975283264,1.18071087197917e-14
"authority","Maratha",TRUE,2341,0.138848670493043,0.0188048661875028,0.101972579906494,0.175724761079592,2.13511899378366e-13
"pliability","Male",FALSE,2347,-0.0378531073446328,0.0197118103390647,-0.0765074968500043,0.000801282160738638,0.0549378594435565
"pliability","Male",TRUE,2341,-0.0420325775760186,0.0194618563257007,-0.0801970170191394,-0.0038681381328978,0.0308947994887184
"pliability","Maratha",FALSE,2347,-0.100402630168504,0.0196352410779294,-0.138906869180686,-0.0618983911563218,3.4203380301723e-07
"pliability","Maratha",TRUE,2341,-0.098710411244151,0.0194706265236004,-0.136892048927822,-0.0605287735604798,4.29909530796994e-07
"backlash","Male",FALSE,2346,-0.00443049014477622,0.0206100934244704,-0.0448464002403854,0.035985419950833,0.82981174059101
"backlash","Male",TRUE,2340,-0.00665148203272138,0.0202532720605379,-0.0463678860578215,0.0330649219923787,0.742627403581305
"backlash","Maratha",FALSE,2346,-0.113256349024611,0.020484150387642,-0.153425287777161,-0.0730874102720613,3.57842019641957e-08
"backlash","Maratha",TRUE,2340,-0.114080259902196,0.0201776060760153,-0.153648283912291,-0.0745122358921019,1.76211725652146e-08
