"variable","comparison","n_indirect","n_direct","councils_indirect","councils_direct","indirect_mean","direct_mean","estimate","se","low","high","p"
"most_influential_gd","sc_0",249,161,249,161,0.200803212851406,0.347826086956522,0.147022874105116,0.0454408552074866,0.0576954514153126,0.23635029679492,0.00131336916564928
"most_influential_gd","sc_1",121,73,121,73,0.132231404958678,0.287671232876712,0.155439827918034,0.0616626407416354,0.0338166516739797,0.277063004162089,0.0125222748383443
"most_influential_gd","interaction",,,,,,,0.00841695381291813,0.0765973405884287,-0.14201452594903,0.158848433574867,0.912536751408192
"prop_speakingtime_sarpanch","sc_0",248,161,248,161,0.265322580645161,0.33,0.0646774193548388,0.0170479402610923,0.0311644123804673,0.0981904263292103,0.000170840601173206
"prop_speakingtime_sarpanch","sc_1",121,73,121,73,0.24495867768595,0.267808219178082,0.0228495414921317,0.0201105810694585,-0.0168164980475857,0.0625155810318492,0.25729114236513
"prop_speakingtime_sarpanch","interaction",,,,,,,-0.0418278778627071,0.026364137347864,-0.0936052574157998,0.00994950169038564,0.11314355808431
"i_decide_masik_sabha","sc_0",243,161,243,161,0.218106995884774,0.322981366459627,0.104874370574853,0.0455120656212975,0.0154029898726026,0.194345751277104,0.0217137305560934
"i_decide_masik_sabha","sc_1",118,73,118,73,0.194915254237288,0.328767123287671,0.133851869050383,0.0663793271510293,0.0029123349583158,0.26479140314245,0.0451663865235569
"i_decide_masik_sabha","interaction",,,,,,,0.0289774984755293,0.080483310009844,-0.129090601503234,0.187045598454293,0.718943176579498
"sarpanch_nominate_BDO","sc_0",1489,954,249,161,0.605104096709201,0.690775681341719,0.0856715846325176,0.024576199903453,0.0373293882424853,0.13401378102255,0.000555304033430892
"sarpanch_nominate_BDO","sc_1",719,441,121,73,0.536856745479833,0.607709750566893,0.0708530050870606,0.039552077375789,-0.00728855316581588,0.148994563339937,0.0752172478709946
"sarpanch_nominate_BDO","interaction",,,,,,,-0.0148185795454582,0.0465656142065672,-0.106456127396863,0.0768189683059463,0.750532383296671
"sarpanch_inauguralevents","sc_0",1462,933,249,161,0.62859097127223,0.770632368703108,0.142041397430879,0.0237597063301337,0.0953040295072947,0.188778765354462,5.78736384793272e-09
"sarpanch_inauguralevents","sc_1",711,430,121,73,0.592123769338959,0.7,0.10787623066104,0.0391898395251346,0.030445700501992,0.185306760820088,0.00663564466692738
"sarpanch_inauguralevents","interaction",,,,,,,-0.0341651667698376,0.045829762893779,-0.12435721597432,0.0560268824346445,0.456570951277372
