"variable","source","n","quota_treatment_partial_r2","quota_outcome_partial_r2","treatment","estimate","se","t_statistic","r2yd.x","rv_q","rv_qa","f2yd.x","dof"
"most_influential_gd","elite",594,0.00341643128224058,0.0911559588050586,"direct",0.131470005775118,0.0336292057377319,3.90939966886013,0.0257173692256451,0.149806190161807,0.077577891031461,0.0263962103124071,579
"prop_speakingtime_sarpanch","elite",593,0.00325207117658535,0.169925057522702,"direct",0.0422258737653992,0.0118744225792315,3.55603596584584,0.0214094479803828,0.137376623266047,0.0639942534850943,0.0218778404678013,578
"i_decide_masik_sabha","elite",585,0.00293686564973717,0.0132543182547242,"direct",0.107775050700615,0.036480285954304,2.95433678441053,0.0150815309429585,0.116323943795263,0.0405542279594694,0.0153124663784582,570
"sarpanch_maratha","elite",593,0.00372435860509979,0.00165547194184794,"direct",0.106381340877596,0.0328641879538164,3.23699891891722,0.0178055239389702,0.125882008794873,0.0514960890135519,0.0181283079603309,578
"avg_prop_land_held_sarpanch_caste","elite",380,0.00325567880421057,0.00308785333790699,"direct",0.142293619033428,0.0247617078822222,5.74651876640498,0.0829663643725993,0.258932863565602,0.179132173791236,0.0904725422812182,365
"sarpanch_male","elite",594,0.00341643128224058,0.697349178939584,"direct",0.113024716432142,0.0228286017265409,4.95101354809382,0.0406164474233789,0.185675109099286,0.116605013085054,0.0423359847209128,579
"sarpanch_land_own_name","elite",587,0.00321882685052275,0.0888635733607085,"direct",0.133084457050692,0.0384930451329804,3.45736370273981,0.0204697232939802,0.134488018814262,0.0604491809451855,0.0208974891136761,572
"three_four_wheeler","elite",594,0.00341643128224058,0.00417262778046986,"direct",0.128437101334965,0.0341005289994501,3.76642548087849,0.0239148628558494,0.144755551821143,0.072084893030784,0.0245007960328338,579
"pacca_house","elite",594,0.00341643128224058,4.75900587912713e-06,"direct",0.106849443636057,0.0412939055519432,2.58753542945102,0.0114314373804855,0.101907813176141,0.025507798057315,0.011563626249852,579
"sarpanch_uncontested","elite",593,0.00326324314383597,0.00830431319305821,"direct",-0.269752063769815,0.0369046417329045,-7.3094345617045,0.0846143149981636,0.26130741464624,0.198933664161383,0.0924356982903811,578
"resignation","elite",591,0.0036494472113082,2.36682378705882e-05,"direct",-0.201081749687831,0.0283968776883283,-7.08112180130564,0.0800812963584683,0.254713743818852,0.191631126146143,0.0870525798002189,576
"rich_landowner_influences_gp","elite",579,0.00427026789217586,0.0022728862780463,"direct",-0.0813848425301334,0.0255582858272622,-3.18428407445553,0.017660624554917,0.125394464113431,0.0500028845482867,0.017978129551119,564
"sarpanch_nominate_BDO","citizen",3544,0.00399292806348468,0.0121791958785977,"direct",0.0757278454640143,0.0166479673515811,4.54877426563562,0.00582905534458156,0.0736962300493869,0.0426241899938813,0.0058632324510368,3529
"sarpanch_inauguralevents","citizen",3481,0.00416189712401284,0.00606065109010547,"direct",0.136186454843023,0.0161987024874896,8.40724465111951,0.0199853329668374,0.132970796233743,0.103665028843205,0.02039289169757,3466
"other_nominate_BDO","citizen",3544,0.00399292806348468,0.000985311925534159,"direct",-0.0505607673921951,0.01221042171021,-4.14078797539954,0.00483514340710841,0.0673169164462398,0.0360277979514303,0.00485863560703129,3529
"formersarpanch_otherperson_inauguralevents","citizen",3481,0.00416189712401284,0.00116236204327759,"direct",-0.0611212380414914,0.0134555950825778,-4.54244035038114,0.00591796148704356,0.074237731392822,0.0428981316311336,0.00595319224950107,3466
"resignation_reported","citizen",3523,0.00388617488545466,2.11641695957197e-05,"direct",-0.173537847582816,0.0111965231577414,-15.4992621493245,0.0640908672347814,0.229677072335572,0.203942570122913,0.0684797967997382,3508
