"variable","bound_label","r2dz.x","r2yz.dx","treatment","adjusted_estimate","adjusted_se","adjusted_t","adjusted_lower_CI","adjusted_upper_CI","outcome_bound_at_limit"
"most_influential_gd","1x reserved_women",0.00342814329824466,0.100988834116359,"direct",0.116387699848162,0.031968348903356,3.64071664132595,0.0535996374782938,0.179175762218031,FALSE
"most_influential_gd","2x reserved_women",0.00685628659648932,0.201982429995111,"direct",0.101253021330572,0.0301711699075582,3.3559527734855,0.0419947435992254,0.160511299061919,FALSE
"most_influential_gd","3x reserved_women",0.010284429894734,0.302980830982274,"direct",0.0860655600934879,0.0282461416377538,3.04698465359433,0.0305881718736275,0.141542948313348,FALSE
"prop_speakingtime_sarpanch","1x reserved_women",0.00326268164953505,0.206050684199607,"direct",0.0348117395998364,0.0106070482131928,3.28194412810704,0.0139786831178776,0.0556447960817953,FALSE
"prop_speakingtime_sarpanch","2x reserved_women",0.00652536329907011,0.41211016744786,"direct",0.0273731179850871,0.00914235530305967,2.99409912191076,0.00941683075242572,0.0453294052177485,FALSE
"prop_speakingtime_sarpanch","3x reserved_women",0.00978804494860516,0.618178525933524,"direct",0.0199098265491189,0.00737997014932173,2.69781938765006,0.00541499897166316,0.0344046541265746,FALSE
"i_decide_masik_sabha","1x reserved_women",0.00294551623518941,0.0135117191701037,"direct",0.102272396370167,0.036318344873165,2.81599827104825,0.0309382798614956,0.173606512878838,FALSE
"i_decide_masik_sabha","2x reserved_women",0.00589103247037882,0.0270239084755312,"direct",0.0967533540200827,0.0361221521174091,2.67850469444905,0.0258045864843926,0.167702121555773,FALSE
"i_decide_masik_sabha","3x reserved_women",0.00883654870556823,0.0405365715874251,"direct",0.0912178136182031,0.0359237033727259,2.53920963191834,0.0206588261213245,0.161776801115082,FALSE
"sarpanch_maratha","1x reserved_women",0.00373828130524578,0.00167066135769355,"direct",0.104403094830205,0.032926768783746,3.17076648230793,0.0397323947397696,0.16907379492064,FALSE
"sarpanch_maratha","2x reserved_women",0.00747656261049156,0.00334141641315946,"direct",0.102417349259633,0.0329611031667656,3.10721849148846,0.0376792138067535,0.167155484712512,FALSE
"sarpanch_maratha","3x reserved_women",0.0112148439157373,0.00501226609745764,"direct",0.100424040036402,0.0329956594618091,3.04355305135325,0.0356180333688376,0.165230046703966,FALSE
"avg_prop_land_held_sarpanch_caste","1x reserved_women",0.00326631286978804,0.00311771828821761,"direct",0.140781504156971,0.0247975461098414,5.67723530116147,0.0920175117040247,0.189545496609917,FALSE
"avg_prop_land_held_sarpanch_caste","2x reserved_women",0.00653262573957608,0.00623557001031054,"direct",0.139264389431643,0.0247994046803354,5.61563437617806,0.0904967421284486,0.188032036734837,FALSE
"avg_prop_land_held_sarpanch_caste","3x reserved_women",0.00979893860936412,0.0093535563229494,"direct",0.137742237578669,0.0248012736868976,5.55383724713451,0.08897091490286,0.186513560254478,FALSE
"sarpanch_male","1x reserved_women",0.00342814329824466,1,"direct",0.0808070732223292,0,Inf,0.0808070732223292,0.0808070732223292,TRUE
"sarpanch_male","2x reserved_women",0.00685628659648932,1,"direct",0.067383519434981,0,Inf,0.067383519434981,0.067383519434981,TRUE
"sarpanch_male","3x reserved_women",0.010284429894734,1,"direct",0.0570291679489382,0,Inf,0.0570291679489382,0.0570291679489382,TRUE
"sarpanch_land_own_name","1x reserved_women",0.00322922115427884,0.0981624159974487,"direct",0.116667065798616,0.0366461829609608,3.18360757852738,0.0446895666738469,0.188644564923385,FALSE
"sarpanch_land_own_name","2x reserved_women",0.00645844230855768,0.196328938194953,"direct",0.100196013893346,0.0346504098471986,2.8916256498896,0.0321384525613374,0.168253575225356,FALSE
"sarpanch_land_own_name","3x reserved_women",0.00968766346283652,0.29449960177848,"direct",0.0836709058502958,0.0325180703439355,2.57305876287644,0.0198015150814619,0.14754029661913,FALSE
"three_four_wheeler","1x reserved_women",0.00342814329824466,0.00421893898661516,"direct",0.125311186115987,0.0341164709355776,3.6730406949949,0.0583040625570355,0.192318309674939,FALSE
"three_four_wheeler","2x reserved_women",0.00685628659648932,0.00843807690200477,"direct",0.122174416304953,0.0341028245334397,3.58253071340627,0.0551940952296434,0.189154737380262,FALSE
"three_four_wheeler","3x reserved_women",0.010284429894734,0.0126574155570047,"direct",0.119026706899736,0.034089074610264,3.49163795909843,0.0520733916305932,0.185980022168879,FALSE
"pacca_house","1x reserved_women",0.00342814329824466,4.79177003212327e-06,"direct",0.106721873681747,0.0414005368745793,2.57778960705402,0.0254083376187622,0.188035409744732,FALSE
"pacca_house","2x reserved_women",0.00685628659648932,9.58376600279245e-06,"direct",0.106593860746833,0.0414718293440825,2.57027149351063,0.0251403013115052,0.18804742018216,FALSE
"pacca_house","3x reserved_women",0.010284429894734,1.43759899687116e-05,"direct",0.10646540136234,0.0415434920712041,2.56274559634665,0.0248710913429363,0.188059711381744,FALSE
"sarpanch_uncontested","1x reserved_women",0.00327392676289875,0.00842886314480208,"direct",-0.265083578589085,0.0368409681862201,-7.19534777829853,-0.337442066610188,-0.192725090567983,FALSE
"sarpanch_uncontested","2x reserved_women",0.0065478535257975,0.0168580887191034,"direct",-0.260399620511527,0.0367444401925577,-7.08677609855842,-0.33256852014728,-0.188230720875773,FALSE
"sarpanch_uncontested","3x reserved_women",0.00982178028869625,0.0252876798720256,"direct",-0.25570007389872,0.0366470102250807,-6.97737884559332,-0.327677613603352,-0.183722534194088,FALSE
"resignation","1x reserved_women",0.00366281445932199,2.38428243244469e-05,"direct",-0.200879975795326,0.0284734153285666,-7.05500107652307,-0.256804355481523,-0.144955596109128,FALSE
"resignation","2x reserved_women",0.00732562891864398,4.76869323239086e-05,"direct",-0.200677452632342,0.0285255581053718,-7.03500530615566,-0.256704245478827,-0.144650659785858,FALSE
"resignation","3x reserved_women",0.010988443377966,7.15323364933752e-05,"direct",-0.2004741739232,0.0285779908882164,-7.0149848779559,-0.256603949528231,-0.144344398318168,FALSE
"rich_landowner_influences_gp","1x reserved_women",0.00428858128313265,0.00229768754125184,"direct",-0.0794753989146204,0.0256065354636464,-3.10371541778667,-0.129771218815403,-0.0291795790138378,FALSE
"rich_landowner_influences_gp","2x reserved_women",0.00857716256626531,0.00459554476202329,"direct",-0.0775576339075749,0.0256322900042127,-3.02577857440081,-0.127904040336777,-0.0272112274783729,FALSE
"rich_landowner_influences_gp","3x reserved_women",0.012865743849398,0.00689357360018902,"direct",-0.0756314656781516,0.0256582399186806,-2.94764823767541,-0.126028842385092,-0.0252340889712106,FALSE
"sarpanch_nominate_BDO","1x reserved_women",0.0040089354543713,0.0124286106355154,"direct",0.068732886889141,0.0165797999145544,4.14557999754898,0.0362259271218946,0.101239846656387,FALSE
"sarpanch_nominate_BDO","2x reserved_women",0.00801787090874261,0.0248580231021248,"direct",0.0617094617299282,0.0165083914454554,3.73806630002805,0.0293425080088347,0.0940764154510218,FALSE
"sarpanch_nominate_BDO","3x reserved_women",0.0120268063631139,0.0372882459521637,"direct",0.0546573086285208,0.0164360825189428,3.32544622877913,0.0224321264231918,0.0868824908338497,FALSE
"sarpanch_inauguralevents","1x reserved_women",0.0041792909028022,0.00614878780045274,"direct",0.131341943412542,0.0161850109599137,8.11503580305527,0.0996088233589232,0.16307506346616,FALSE
"sarpanch_inauguralevents","2x reserved_women",0.00835858180560441,0.0122980067855236,"direct",0.126476865949928,0.0161688273974371,7.82226582305999,0.0947754761763965,0.15817825572346,FALSE
"sarpanch_inauguralevents","3x reserved_women",0.0125378727084066,0.0184476617524176,"direct",0.121591025462112,0.0161524868373591,7.52769692285921,0.0899216737858036,0.15326037713842,FALSE
"other_nominate_BDO","1x reserved_women",0.0040089354543713,0.000994223448064483,"direct",-0.0491097076137219,0.0122306202795377,-4.01530801310906,-0.0730895073341267,-0.0251299078933171,FALSE
"other_nominate_BDO","2x reserved_women",0.00801787090874261,0.00198851103839703,"direct",-0.0476527426229271,0.0122492091652719,-3.89027095382034,-0.0716689883899545,-0.0236364968558998,FALSE
"other_nominate_BDO","3x reserved_women",0.0120268063631139,0.00298286345513947,"direct",-0.0461898182027818,0.012267919999335,-3.76508961627444,-0.0702427491127685,-0.0221368872927951,FALSE
"formersarpanch_otherperson_inauguralevents","1x reserved_women",0.0041792909028022,0.00117348252819117,"direct",-0.0593632487448637,0.0134778315542754,-4.40451036250208,-0.0857885411239397,-0.0329379563657876,FALSE
"formersarpanch_otherperson_inauguralevents","2x reserved_women",0.00835858180560441,0.00234704734701137,"direct",-0.0575977963913558,0.0134982661312334,-4.26705147397273,-0.0840631537963659,-0.0311324389863456,FALSE
"formersarpanch_otherperson_inauguralevents","3x reserved_women",0.0125378727084066,0.00352069537199652,"direct",-0.055824809495594,0.0135188418351707,-4.12940769455263,-0.0823305086269612,-0.0293191103642268,FALSE
"resignation_reported","1x reserved_women",0.0039013361600562,2.13304048864146e-05,"direct",-0.173346171452765,0.0112199076276837,-15.4498750974612,-0.195344376305427,-0.151347966600102,FALSE
"resignation_reported","2x reserved_women",0.00780267232011239,4.26621128980324e-05,"direct",-0.173153736522009,0.0112418245089209,-15.4026365012728,-0.195194912498783,-0.151112560545234,FALSE
"resignation_reported","3x reserved_women",0.0117040084801686,6.39951375560359e-05,"direct",-0.172960536014041,0.0112638712667487,-15.3553367148846,-0.195044937756225,-0.150876134271857,FALSE
